DPF,Hp.SD.1,Hp.mean.1,Jitter.APQ55,Jitter.PPQ5,Jitter.RAP,Jitter.local,PPE,PPF,PVI,RelHp.1,Shimmer.APQ11,Shimmer.APQ3,Shimmer.APQ5,Shimmer.APQ55,Shimmer.local,filename,machine_type,machine_id,label,Fo.mean,Fo.std,Jitter.DDP,Shimmer.DDA,Jitter.absolute,Shimmer.local_db,praat.hnr,signal_analysis.hnr
73.91046546101393,6.091377015292497,-24.51486058732312,7.032440542639447,4.494822568016198,4.067549066661407,7.09400020161675,4.219405068890805,6.670619626445301,5.061312446732958,0.0326730783764986,15.515348832647504,11.193211992712843,13.080110693586386,17.84570343117946,19.919027909041034,00000000.wav,valve,id_00,abnormal,339.7591684071256,81.07623701196407,12.20264719998422,33.57963597813853,3.363582443653618,1.5843142708674838,-1.6896194819723158,0.0
76.41653905053599,6.098636413701363,-20.97480685935337,8.37419188079738,6.240128841909259,5.777286397410284,9.60626859491062,4.315229985569801,14.497192445125066,5.222835930774625,0.0369365651023512,25.72470320474578,17.667233406863136,21.04459005363115,30.81398971533218,31.59182095046453,00000001.wav,valve,id_00,abnormal,388.74321530907775,55.66506166716112,17.33185919223085,53.00170022058941,3.921113096757723,2.580599825798314,0.7499707600265505,3.0332319895106443
78.12660833762224,6.289346126535001,-23.120297627790983,3.5429674436777123,2.6840881544229,2.4811297512432646,3.9890735057991207,3.037874293979881,11.6829644879053,2.0647733389441103,0.0340024519968184,20.399781675814943,12.995204296756125,16.35723654029036,25.749303974106315,23.726291998414432,00000002.wav,valve,id_00,abnormal,195.2606757627415,129.86919227209745,7.443389253729794,38.98561289026837,3.283728115345005,1.6972607750994595,1.840713173907456,2.619972547449936
72.82903663500679,5.020991310798143,-19.0527438505099,7.4298923618307,4.480331093012731,4.084522810640866,7.136836065809097,4.063360742253214,11.567164179104475,4.2995454995090645,0.0415390463216205,16.508538290321596,11.764087989823802,13.859385110969257,18.592235511134763,20.8138510849082,00000003.wav,valve,id_00,abnormal,296.52478285072385,49.30174576296948,12.2535684319226,35.292263969471406,3.871394638615541,1.6299851309191744,-1.2933148178875926,0.5041777424909201
74.4864864864865,5.547978631467645,-19.21272042814096,8.689804722454268,6.124453454372984,5.487348721972472,9.273540944351756,4.306606438501942,15.135135135135137,5.39291316865584,0.040386581880932,22.981381967194668,16.131185355517793,19.01738529730877,27.47605973001896,29.08452210769366,00000004.wav,valve,id_00,abnormal,371.1318696956736,54.59098982329567,16.462046165917414,48.39355606655338,4.008650986753176,2.3481161491044364,1.7692263279013214,2.512219728191944
71.759697256386,6.225209109488088,-13.838235294778716,7.816192513459938,6.070674499238379,5.345940675920185,9.101471070229346,3.65233406502785,41.20151371807001,3.664015956728673,0.0498418905473346,25.93757704450248,17.31972044453739,21.01629398207455,32.08073028675791,31.393164036575783,00000005.wav,valve,id_00,abnormal,213.1828345102144,74.22983111512963,16.037822027760555,51.959161333612165,6.881211547562707,2.529942746092408,4.293206517409384,2.667053924565587
74.5520902455209,6.2600994851837735,-11.368684822486852,8.091130102386956,5.970273417189046,5.4391597894093255,9.141685252606008,4.061550223485548,24.585268745852687,4.746000083754116,0.0567254089985592,23.82230126638393,16.267153583069142,19.413095017370622,26.95290267876246,29.009755506999728,00000006.wav,valve,id_00,abnormal,301.91520928776026,56.10776378298157,16.31747936822798,48.80146074920742,4.85131098572851,2.348195944814737,-0.2863799936964418,2.6923376203187948
73.47811780190852,5.929085108233808,-18.36628562011433,8.841989530932796,5.908097209695972,5.330403693311189,9.018997221343716,4.150685801722631,22.90227048371175,5.209934328501026,0.0411601045804659,23.926298620602694,16.696402768399512,19.38537546001457,28.51917600587391,29.52504572980513,00000007.wav,valve,id_00,abnormal,304.87111999970693,58.14730594572249,15.991211079933567,50.08920830519854,4.745227123107307,2.4041432789133217,1.738532368932378,1.8346778474822825
74.27334570191712,5.466739785837824,-19.937858942448194,4.191384998219374,2.5539249637174315,2.24374342129239,3.6894597768443465,2.727727594513077,19.913419913419915,1.683556846342547,0.039362951987373,20.512859349179283,12.24073467043416,15.620585162107451,26.440468726377368,22.42543016139854,00000008.wav,valve,id_00,abnormal,162.39241086393042,55.178077138597786,6.731230263877171,36.72220401130248,3.646039603960396,1.6133249750225953,-0.0756257834323828,1.3517698026553788
72.44851258581235,5.5345209300849385,-14.740561909144851,8.760691435767418,5.889611083265964,5.451360870075616,9.185497386459724,3.7996289987210328,36.15560640732266,4.11609312205789,0.0493216233901211,23.67422173443592,15.895088104804373,18.92382594609374,28.792499482902752,28.24038982583236,00000009.wav,valve,id_00,abnormal,220.94833655534504,88.06848613334944,16.354082610226847,47.68526431441312,6.722985347985348,2.2319712601053494,2.68762310944927,2.2145364515448462
73.46368715083798,5.054017675713426,-12.510424179627575,7.493115311161231,5.785101708674958,5.324538873954123,9.052578112433658,3.944975276058502,25.87290502793296,4.127806367536738,0.0569332067728596,23.747255448482026,16.55792026394426,19.38038604157527,28.4084435556858,29.392686059326493,00000010.wav,valve,id_00,abnormal,287.91905440109355,41.59645693207179,15.97361662186237,49.673760791832784,5.055536150890674,2.328538425772812,0.8513096659966322,2.54656336339844
73.68775235531628,4.900688239522546,-16.363056095733413,2.6744450719768325,1.9695571878229887,1.7451564316740176,2.873875765522675,2.4017935108575426,16.01615074024226,0.7719583158519151,0.0470284059210573,21.155992590915545,12.02251403743858,16.119309942952658,26.476497880601247,22.71190655298213,00000011.wav,valve,id_00,abnormal,149.08585927034648,36.45272145340866,5.235469295022053,36.06754211231574,3.0915824915824914,1.562326356396516,2.456416161500696,1.7543733285503171
77.59699624530664,6.748003541507575,-32.44204708092455,5.588953371366649,4.675653926889428,4.404661826528282,7.372063090227465,3.249737027669866,6.057571964956195,1.577584588303264,0.02551668048695,23.77669974161925,14.678583884522729,18.39315843309605,33.72445605447669,25.824181941844955,00000012.wav,valve,id_00,abnormal,396.80404319460473,79.48043723505063,13.213985479584846,44.03575165356818,2.9514271407110666,2.250805798802392,-4.873162190939322,3.3134365098337013
75.57603686635944,5.709619942640766,-16.758310950931957,8.814413472351532,6.412399969887322,5.785023965229525,9.680507387561397,4.311481197381472,18.29764163730008,5.49177995631795,0.0445078812435756,25.00587967310392,17.63318453661507,20.834074591091508,29.459580345092128,31.044269625448827,00000013.wav,valve,id_00,abnormal,371.1831571270847,52.745586754482886,17.355071895688575,52.899553609845206,4.197125813449024,2.5504826058972285,2.1426215196613856,2.086025292864039
74.0041928721174,5.212447059356786,-15.388238488605271,9.060874590721882,6.820067553279796,6.049977387321212,10.056417208206067,3.980478600746341,34.3466107617051,4.128051706640489,0.048542073887387,29.14227187119088,19.219361875974407,23.386593102147128,36.15875831073047,34.410940038748535,00000014.wav,valve,id_00,abnormal,287.5399141367087,62.542405303788165,18.14993216196364,57.65808562792322,5.619014330653617,2.7674691901568544,5.04781748190894,4.371504432406304
76.31147540983606,5.549217404643841,-19.78916084593083,7.063007938732935,5.270780734953419,4.90546270012276,8.264214843716962,4.258870310284175,11.885245901639344,4.059361748390352,0.0394658249281332,21.97087671434346,15.765463108450383,18.71145459669719,25.57300563688732,28.098925400596013,00000015.wav,valve,id_00,abnormal,366.89193657933737,78.21401907532261,14.71638810036828,47.29638932535115,3.611642525280131,2.2946071493299454,1.87846167397982,1.7409268619500582
72.49201277955272,6.005349721709612,-14.751731186137023,8.442935586066707,6.0269582005093145,5.371568187735563,9.179550456753274,4.1692222695621775,21.82108626198083,4.230828492008802,0.048176330980238,21.12889060957811,16.184196587347422,18.49349562857792,24.77079316794281,28.208399110585685,00000016.wav,valve,id_00,abnormal,314.0912791442715,64.0939447580139,16.11470456320669,48.55258976204227,4.690955576861617,2.298780960961885,1.094087655022678,1.6716664056554291
74.29315476190477,6.005761842595445,-16.398431353293116,9.188491981877847,6.519126782977111,5.984279377746226,9.934770138231878,3.8808381305356408,37.42559523809524,4.387984188487899,0.0446345017317344,27.47176642079862,18.9893375902864,22.40940488031796,33.635514808027125,33.88172574690667,00000017.wav,valve,id_00,abnormal,270.49683087697093,59.13037711832941,17.95283813323868,56.96801277085919,5.90919240788984,2.7263502197652807,4.703412898325407,5.8679405623336525
75.96017069701281,4.665329709959674,-16.40972922423368,2.6149156030113274,1.6334035516376202,1.499768696300488,2.489697097929464,2.686465767563216,11.379800853485063,1.976594021129079,0.0474494521283422,19.68873474225008,12.978567876404068,15.76658358241002,23.53657039870743,23.10178584310184,00000018.wav,valve,id_00,abnormal,141.24990590266194,44.87465744247975,4.499306088901464,38.9357036292122,2.8306049822064057,1.609968895430648,1.0255570675471328,1.5733420282496235
75.92592592592592,5.961312613292195,-19.276980560434783,8.754454844351118,6.002519449729422,5.759233028283903,9.547180206576543,4.134424129605962,23.069679849340865,5.467213049865406,0.0396223307620896,22.1321273717863,16.231323492105176,18.47258709455937,27.09780340047845,28.345836103671672,00000019.wav,valve,id_00,abnormal,315.8445783003026,95.84638577460618,17.27769908485171,48.69397047631553,4.790580847723705,2.235618644309258,3.0751588170374418,2.28571612240782
73.62378569325875,5.780911873330926,-16.10104897988164,8.742306202409491,6.147261343914037,5.581316552483432,9.481879107479353,4.279865908871432,19.899911686782453,5.2107847516173305,0.0456997435791128,24.46149412804424,16.71843869578527,20.09161622782793,29.130266359442807,30.05589325705217,00000020.wav,valve,id_00,abnormal,342.53296498215263,62.50058410375973,16.743949657450294,50.15531608735581,4.464075382803298,2.4315030419987984,1.4956008866513235,1.9153425397606885
75.36547433903577,5.680157959136156,-17.089096677712252,8.05218625932231,5.984379426856977,5.576954106488503,9.345696857121702,4.134680811892953,21.24416796267496,4.336812860056911,0.0439188728814011,23.67214632103898,16.977190982630887,19.50312480930438,27.946298018382297,29.804898924856964,00000021.wav,valve,id_00,abnormal,322.87323312185464,68.8231621457765,16.73086231946551,50.93157294789266,4.6477909147479775,2.3811328901379536,2.32562755079828,1.7394381991036736
73.36790726052472,6.027970355141363,-16.18121322965506,8.437878888068617,5.680146435480996,5.091038290983266,8.738144078573393,4.188471699299292,16.381940207443563,5.880556517322052,0.0450264187416849,21.767428244390025,16.13426384730097,18.876118961568185,25.073818550777577,28.075412527036107,00000022.wav,valve,id_00,abnormal,330.146208826743,69.24719219134188,15.273114872949796,48.402791541902914,4.26335062557217,2.304591046174824,2.637480732346721,1.913612875091132
75.50104696380497,5.903813011264384,-16.024133123428957,8.426809481932768,6.130583185590585,5.63346863706054,9.453364891941709,4.175960573907049,21.08884235716422,4.936187733881521,0.0456039062599596,23.98571105326628,17.13185893978181,20.015625421486977,28.351126313766333,30.225815569654337,00000023.wav,valve,id_00,abnormal,333.8426196456495,70.32337727432794,16.900405911181622,51.39557681934544,4.522740873728306,2.418759866412121,2.759387371977491,1.8228099757518168
75.71230982019364,5.967760404633039,-16.914402398908823,8.512169447355324,5.924910506219748,5.430194387788754,9.107920830512,4.269702967145542,16.07192254495159,5.264624000582129,0.0437021626227225,25.31760751382196,16.80916502968135,20.21726740645473,29.56693639463717,29.734308521809577,00000024.wav,valve,id_00,abnormal,361.9450753165752,58.18262972651471,16.290583163366264,50.42749508904405,4.030160486995019,2.452132075597577,1.712167285064476,1.5425836519950504
75.82381729200652,5.702158898821383,-16.19581246750385,7.821802310360519,6.0434091954318845,5.616339410085381,9.378919918944115,4.082495899560945,24.567699836867863,4.131166003960715,0.0456663306052999,23.74634800167364,16.238191300284296,19.23029612858185,27.99786862973357,28.636687413526275,00000025.wav,valve,id_00,abnormal,306.49294341014723,56.45916503891986,16.849018230256142,48.71457390085288,4.892950391644908,2.357684546787633,0.4374879237888006,1.5140758942659769
75.14822134387352,5.272116257694968,-17.9726822512753,8.266129260304472,6.096352131110457,5.614195522271706,9.404722210300529,4.318243661837584,14.402173913043478,4.200554982090393,0.0430203772088665,25.665048499439223,17.935508728898476,20.923893837400005,30.41462421972825,31.911790847757555,00000026.wav,valve,id_00,abnormal,402.11419588021744,35.18162297998133,16.84258656681512,53.80652618669543,3.7150976031628367,2.621475956319104,1.970543676923853,2.85501409530186
76.42659279778393,5.0835060186282295,-15.441210729869306,9.036134510034968,6.15681006823344,5.712560790403016,9.545750827419642,4.358565857437941,18.39335180055402,5.179035719479677,0.0487217442390868,23.78406262680284,16.89338902665618,19.814273566699608,28.490983499600585,30.30059150141116,00000027.wav,valve,id_00,abnormal,361.47799191764017,59.71922238890001,17.137682371209046,50.68016707996854,4.228318093654752,2.440134396976811,1.9707270348661,1.8546023777265213
74.88231338264964,5.899934493056582,-12.142116932059604,8.092007773637574,5.932821703771491,5.48108236115077,9.243400698199004,4.085980714394982,25.25218560860793,4.341182240015855,0.0554260697100058,23.73313922121339,16.780665977979865,20.26726101132477,27.230004975515527,29.85594308693707,00000028.wav,valve,id_00,abnormal,298.3348718057616,46.04023775814978,16.443247083452313,50.3419979339396,4.970736629667004,2.406925745731654,1.3467865895642797,3.84828111069325
77.95945062132112,5.1391850151889225,-18.0575496556832,3.360150829776964,1.2327387932457408,1.1140771757610313,1.867894986408822,2.697572197591542,5.035971223021583,1.693691222501859,0.0431095158085197,18.157046342658283,11.501398833077582,14.143195944004944,22.000397558442803,20.719834369429805,00000029.wav,valve,id_00,abnormal,153.55438553178715,34.74118153960511,3.3422315272830936,34.50419649923275,1.9522251308900525,1.4893832368259392,1.4546060243288863,1.685788350837964
74.43396226415095,6.04751066692997,-15.452204218489,8.512691421974862,6.0867448384865925,5.642130651971625,9.476973752291537,4.111772574293326,23.42767295597484,4.724626914828158,0.0465122447125192,25.571409320391098,17.376230406960875,21.042072026557733,30.29534692054486,31.019369064485023,00000030.wav,valve,id_00,abnormal,318.68089408244623,61.562722140707336,16.926391955914873,52.12869122088263,4.765964139666562,2.525971687174974,-0.6636454463150477,2.4298191592743827
73.60027146250424,6.1271915843001405,-13.358012732914936,7.570357795308581,5.052409732106774,4.653821877255832,7.991356511262302,4.027363269762549,17.203936206311504,4.325929162519571,0.0513209912362327,17.52663236675426,12.935362947021977,15.260846852699334,19.778626716603576,22.87884965711893,00000031.wav,valve,id_00,abnormal,294.068084945037,46.385205571535344,13.961465631767496,38.80608884106593,4.336727766463,1.7986085760749415,0.7822945003004634,2.3932987885079
74.81121898597627,5.672420278590344,-20.28450035342307,3.43601288770924,2.5006709488970142,2.2890858733428816,3.7113138626999818,2.5569991931313365,16.235167206040995,1.516678056666135,0.0385253711014807,19.12406592985785,11.555994979056004,14.72602317316146,24.24917661885721,21.09236830410645,00000032.wav,valve,id_00,abnormal,186.3711424380802,65.6914160477006,6.867257620028645,34.667984937168015,3.1991365353480843,1.5667537518202004,2.168249591738609,1.1331959736256232
73.5417338059942,5.23390738306065,-11.08234444834228,8.836457427431679,6.291448172435349,5.661654964777274,9.574420308274265,4.172951254416279,25.39477924589108,4.933918066042256,0.0612885857814083,23.77507828671861,16.360552334670594,19.652420685223124,27.806218514236384,29.09384178321718,00000033.wav,valve,id_00,abnormal,313.32413460748865,56.9296254823081,16.98496489433182,49.08165700401178,4.934235976789168,2.438324225596901,3.33825238900365,1.6725403284901432
72.43629583592293,5.790762934095053,-15.923756601953448,8.143989493370773,5.841459297825057,5.247978988582382,8.988198851107585,4.17608573446145,19.82597886886265,4.787051798468689,0.0460521356845998,22.81044145246385,16.06304350699367,18.81144127226829,26.93822391184368,28.627098818409163,00000034.wav,valve,id_00,abnormal,321.5181721972719,61.34217994579882,15.743936965747146,48.18913052098101,4.4668946223189305,2.284550225517947,1.520616773402404,1.6175400298732625
78.96721787061213,6.006358380064607,-20.075355413138787,4.681663802959857,3.3361206819938656,3.175830389380216,5.305346404302245,3.721744054849048,3.4232666086451986,4.504985636663924,0.0383410387802272,18.84816577521028,12.879054048208708,15.400867371825925,25.675867589868663,22.725313648107782,00000035.wav,valve,id_00,abnormal,345.1470088027832,85.31467819784338,9.527491168140648,38.63716214462613,2.4611143354614047,1.8594222746316145,5.162793414850457,2.938558302157656
78.66336633663367,6.056754375911988,-14.754644295105551,8.526862142020686,6.9701809196322015,6.615796170259203,10.664204376098631,4.153223247882487,25.321782178217823,3.956450872828824,0.0480505907271203,30.936528402999347,22.58955988600928,25.931412786244305,35.943838297242145,39.6109798836434,00000036.wav,valve,id_00,abnormal,399.2307460474736,32.804727963829,19.84738851077761,67.76867965802782,4.221837088388215,3.441779734196565,4.33592166063967,3.079296922518972
73.59861591695501,5.6673327221722,-14.84565392211318,7.835428275109124,5.7102023958137895,5.253136761160276,8.955887173417887,4.16626438956642,24.602076124567475,4.610684429653845,0.0487496051813881,23.790355060627235,16.189426204449713,19.53256018814078,28.382743623749,28.79049753280178,00000037.wav,valve,id_00,abnormal,287.6589675629356,51.84756300060008,15.759410283480827,48.568278613349136,4.956386292834891,2.34538635879436,-2.4847244390963112,2.040336034356198
73.7864077669903,6.381738236699795,-21.357523792915256,4.208159810299104,2.052426173992099,1.822056057443312,3.0322432487012096,2.6494013194211896,13.249571673329529,1.3561512738153494,0.0360499857181628,19.081760478106418,12.675292852148054,15.488283145746324,23.514732966891515,22.974798400990995,00000038.wav,valve,id_00,abnormal,175.4916988932877,43.17777324572408,5.466168172329936,38.02587855644416,2.7685714285714287,1.589059811060901,1.8634702712098303,1.1590410470616666
79.97804610318332,4.507373872757035,-11.731491931943482,4.168847228408497,4.025367814817716,3.9266885886078047,6.486274748465444,2.5945438198864363,2.6783754116355656,1.047030830094395,0.0615806554488885,18.44469371401328,13.491240215990796,15.571745325535694,23.71957584009521,23.96952313165505,00000039.wav,valve,id_00,abnormal,447.78463222416553,7.961496827373458,11.780065765823414,40.47372064797239,2.2775581906016686,2.0321960520727336,2.5079852259757063,1.8461549919998643
75.63291139240506,5.788062840280984,-14.934169625393968,8.36171660253247,6.156551573914018,5.736170308997169,9.607701460590585,4.097668840307152,24.49367088607595,4.482525450014029,0.0482573487994807,23.11404805114368,16.20215197465417,19.54450802763924,26.44540295147395,29.133000265329617,00000040.wav,valve,id_00,abnormal,316.09045344526714,60.44987878633657,17.208510926991508,48.606455923962514,4.863564419119975,2.4177456757477307,3.136660437312768,2.010830415100408
77.3870636550308,6.471005646991077,-15.500574443151129,8.112019494747058,6.262205369562862,6.014922160571965,9.936958947869448,4.302201078322394,16.863449691991786,5.3432179498316845,0.0455133402284827,26.67878364525422,18.544206509423457,21.806342959203604,31.650676276700857,32.86388408106542,00000041.wav,valve,id_00,abnormal,389.1959422330969,37.15220951489065,18.044766481715897,55.63261952827037,4.079075738125803,2.711444942226278,2.18526929428252,2.0131658592633657
75.17394054395952,5.831082226350127,-19.518277441506555,7.177166136531289,5.251027076925245,4.915811291146839,8.349106007038449,4.014997189639414,15.370018975332068,3.956871848207122,0.0394487282165163,21.231878249248755,14.301856619970602,17.045192190929775,25.9118539690195,25.997411674775943,00000042.wav,valve,id_00,abnormal,312.87238119495817,76.55586563299985,14.747433873440515,42.90556985991181,4.222397975324265,2.088772765045995,2.180596456966826,1.736452103134495
74.69664525339044,5.138400326785733,-9.518177500738393,7.39551387292998,5.808469499577072,5.496245468206417,9.190156818248608,3.940181805231266,28.15845824411135,4.225439627908509,0.0682287510609784,22.868562405160294,15.843633997743162,18.683120871775337,26.143072281242176,28.32898152047352,00000043.wav,valve,id_00,abnormal,279.9091096117364,29.3797165818425,16.48873640461925,47.530901993229485,5.244555515887183,2.328449789122127,2.3152349286815435,2.781216424302517
73.96930484501955,5.307592764105793,-13.619624667678549,8.736861510926905,5.832965824428056,5.2858329216548,9.008125845801516,4.22717545658384,18.6879325910322,5.313181083747004,0.0528339679936633,22.597108057722863,16.240917690928708,19.29197877569092,26.664374464761497,28.6035605586066,00000044.wav,valve,id_00,abnormal,330.3845131260178,62.65743236747435,15.8574987649644,48.72275307278612,4.33534015653221,2.267391473975416,3.8887375008826943,1.456329136017085
74.64198393293748,5.685115901890333,-14.51463150640708,7.518929033625159,5.729652653566648,5.293528489610771,8.931936903276888,3.944826733155887,24.449877750611247,3.807398637063805,0.0495055695394107,22.89894863931653,15.499266211350111,18.921401348270027,27.45579099673494,27.782528877575213,00000045.wav,valve,id_00,abnormal,286.28313659692594,43.67676760405626,15.880585468832312,46.49779863405034,4.988469601677149,2.2464987484490897,1.3389597139666214,2.6157504280800508
74.9770009199632,6.268443598677083,-15.6219433274443,7.225621824359905,4.641848778826813,4.319888993965171,7.42300079669396,4.133795154428618,10.610242256976388,5.519723202902454,0.0456821527812612,16.96486166361701,11.928552265334506,14.321409112732631,19.506576782926324,21.33211748782804,00000046.wav,valve,id_00,abnormal,326.97866497975974,89.30118365225123,12.959666981895513,35.78565679600352,3.6401840490797546,1.7641141926845727,-1.2510045989333065,0.698476973691662
76.03469640644362,5.477281678843199,-15.080450408966344,7.390321549902144,5.665698966718932,5.284612629431596,8.839973061705438,4.225872779506968,10.210656753407685,4.326786194458199,0.0486434980146952,23.39691330432785,15.993835421066615,19.02814747241754,27.937545700004605,28.65666454969992,00000047.wav,valve,id_00,abnormal,402.6202216250459,26.912257220262457,15.853837888294787,47.98150626319985,3.5037183936539416,2.338051011478964,1.5676664519561876,1.7315159252022774
80.0,5.305398532277255,-13.641508700207671,2.9632780099129943,2.1517210615052123,2.1122001524376013,3.44156925472831,2.734960642824994,16.411960132890364,0.9520472278125612,0.0527790624469557,20.41102259483387,12.126318618682474,16.020812078428225,25.025486393027773,22.30486815019137,00000048.wav,valve,id_00,abnormal,153.1966911004009,3.335683213661772,6.336600457312803,36.37895585604742,3.65625,1.5221566121412466,6.140351411031942,3.888727178392731
73.66873570728521,5.999345735391134,-13.272709207937986,8.199378080645317,6.088964390760322,5.538781203119205,9.330111238755642,4.061572783351363,24.795818360013065,4.912521547171367,0.0518886025875586,23.76594591256062,17.282546039481762,19.83810278554928,27.631179254558106,30.301973077224524,00000049.wav,valve,id_00,abnormal,305.9089925069025,57.453187741226365,16.616343609357614,51.84763811844529,4.874183006535947,2.4814888746757098,1.113029496800657,1.6815305646021488
75.51500882872277,5.8358037950695225,-16.292594724190938,6.46438840259319,4.475236945670262,4.1036904656818365,7.04935656432226,3.983859960628163,7.710417892878163,4.212445455073055,0.045190798562743,17.77438310331406,12.428024473816928,14.586955073853774,20.54868909559652,22.24416641239192,00000050.wav,valve,id_00,abnormal,341.5211835200961,65.59527146239759,12.31107139704551,37.28407342145079,3.3179275831616133,1.8032312940131825,-0.2360043222965651,0.8696024482679675
71.05843439911797,4.519350642186792,-7.644132766970156,7.000086930820228,5.67553103317298,5.152569554897613,8.718052544207563,3.438452899503879,46.69239250275634,2.7011745719120674,0.0822132909103306,24.234356875789004,16.859251037350397,21.433953485699377,26.08455821540924,30.616112355326912,00000051.wav,valve,id_00,abnormal,184.2350143160652,17.771734882457032,15.457708664692838,50.57775311205119,7.683949255377827,2.254388816990176,1.369883801433748,1.9462001033987355
79.12885662431943,4.985326045834743,-16.74655335879452,2.181645727837544,1.0372928575406843,0.9742868935331233,1.6146169843378324,2.741982647883089,1.5124016938898972,2.184803207328944,0.0460153482991895,17.47002751749388,10.757390048912466,13.77711358984742,21.61854479610985,19.62259899898661,00000052.wav,valve,id_00,abnormal,167.0009054362307,68.3358809195775,2.9228606805993698,32.272170146737395,1.5605326876513317,1.4146122309293947,0.4061664113344276,2.116598453735383
77.55829903978052,6.638783801654661,-17.615501339328937,7.903079009905828,6.133346846376542,5.842603622460583,9.67892518553711,4.048039795473242,18.40877914951989,3.8536130251191913,0.0412298278092828,25.368185841145703,17.872559227836568,21.06919224227085,29.512551052764973,31.547859522362,00000053.wav,valve,id_00,abnormal,365.87036395650586,72.68326123772829,17.52781086738175,53.6176776835097,4.247255762897915,2.615954175037825,1.1139500171258854,1.7690225974185725
74.56666666666666,5.891402190690635,-13.164737297759576,7.613197358352071,5.493351770348428,5.068443150846113,8.59471452871499,4.027197356870533,20.166666666666664,4.986185786873948,0.0524765260354067,22.30842366697961,15.283231074378762,18.452045415128747,24.062841860580253,27.29980889176193,00000054.wav,valve,id_00,abnormal,300.8683156148288,57.8152591294059,15.205329452538338,45.849693223136285,4.581527175725242,2.163730477792,1.9145119229539824,2.038207979019808
75.53835800807536,5.98358530551989,-11.129027596079617,7.904140429849053,6.062607774072172,5.865813677883807,9.7530502971336,4.002004518614531,28.432032301480486,4.232108971833634,0.0584364296528048,23.27740492806636,16.720606740139978,19.94427729837654,26.87561256021807,30.013933445218367,00000055.wav,valve,id_00,abnormal,296.9775725420756,48.27197217411928,17.59744103365142,50.16182022041993,5.248401211713228,2.405164083456015,1.291620968600437,1.5436932388234863
78.31807780320365,6.643680523477076,-18.01858712695409,3.426099544970884,1.947003094818664,1.7774603685127706,2.905541551813528,2.6651073190349948,11.441647597254006,1.570845875254146,0.0405477717691753,18.244931204779967,11.26355802588375,14.51066712588187,21.95735076496016,20.78112287922664,00000056.wav,valve,id_00,abnormal,175.56354058235473,41.25162703519017,5.332381105538312,33.790674077651246,2.658271322266743,1.5460988240144595,2.546376220830892,1.7202640295441676
76.09756097560975,5.993178868898855,-16.165945063798308,4.043697563280797,2.70961926264416,2.5635393368933554,4.289920927938297,3.006634925232195,19.32926829268293,2.450991441183316,0.0451281378739182,20.037993021397128,12.87654958611562,15.684352598589635,23.30184211766764,23.16812081950038,00000057.wav,valve,id_00,abnormal,166.5488517789204,52.343088475034975,7.690618010680066,38.62964875834686,4.181208053691275,1.703211023405764,4.953207708029731,2.706909143391153
77.70167427701674,6.436224479978256,-20.348199141888287,3.0388461427203066,2.018432601305946,1.734710659996081,2.8389601075535484,2.4801480755591765,16.666666666666664,1.0247003688021663,0.0373351323186066,21.307930126035952,12.02793130293321,16.714722502115116,24.657062035473256,21.971323864088784,00000058.wav,valve,id_00,abnormal,132.30569648817482,15.88560380269804,5.204131979988244,36.08379390879963,3.453160700685453,1.5087950097818823,1.2450764387675746,1.6244839704669112
75.08561643835617,5.947305484249989,-15.90643173633304,8.718997149398739,6.341554100943417,5.758174063308318,9.676349051323172,4.264920546560976,20.26255707762557,6.116792386108648,0.0457587638172086,24.614288199659736,17.98734936064996,20.588496196064423,28.31035160400808,31.564045473411888,00000059.wav,valve,id_00,abnormal,349.3773652617801,62.84705448489449,17.274522189924955,53.96204808194989,4.417071081929774,2.598296324696728,0.9495836872775264,1.7751559886420551
74.74437627811861,6.2189402135557925,-14.003105061601184,7.947932831409191,5.876954870827665,5.562265090567848,9.33664061047506,4.050573531291241,26.209952283571912,4.20976149847235,0.0494509821530521,26.58754837013118,16.850088994536744,20.64262337476712,32.84225396131555,30.29321187168167,00000060.wav,valve,id_00,abnormal,294.4484689914965,40.948642588755405,16.686795271703545,50.55026698361023,5.089328332765087,2.377676848818724,1.747803707612234,1.987995150829861
78.44124700239809,5.464371324454818,-15.722237823718212,4.892764670142339,3.953521924811004,3.737685361261504,6.247785824300789,3.8519176177304426,3.381294964028777,3.543965710272645,0.0471996246783186,20.93649098998124,13.607063255443864,16.558231350628958,24.94369203200841,24.572166490090066,00000061.wav,valve,id_00,abnormal,416.0846924732419,24.21698485833648,11.213056083784512,40.82118976633159,2.3962580954665387,1.960469712876032,1.7518317025401666,2.2389434250245195
77.39808153477217,5.498609162125208,-16.459483596298764,2.7122804542747776,1.4987798910168226,1.40178917634329,2.31287842719064,2.548058778941075,7.913669064748201,1.3095740648162242,0.0455412959131599,22.65936662990969,13.99929919141616,18.333102875131825,26.39116728071412,25.07274330654037,00000062.wav,valve,id_00,abnormal,167.96518678793154,40.95341476747494,4.20536752902987,41.99789757424848,2.217756448710258,1.62484129466465,1.492273783395734,1.619320884759058
73.86471144749291,5.328622692509679,-19.223707544692264,7.841642603902962,5.830439429939992,5.407005492336241,8.83470383918704,4.2184070875467095,16.532639545884578,4.333475621388756,0.0407293316088095,32.827748189000026,22.809754361115555,26.274964095126226,39.46736500737465,39.78626681863338,00000063.wav,valve,id_00,abnormal,408.5035025226744,27.497669032535985,16.221016477008725,68.42926308334667,3.34185001182872,3.241646637848402,2.4473457420164086,2.490806079681794
76.6964755391899,5.683775408641504,-11.955602016003722,6.55962461425993,5.323752123490888,4.988951221128278,8.359293276776873,3.8960534302440353,9.836927932667017,3.970139669758772,0.0566913432331704,25.33996107964473,16.519892968325145,20.26303934012528,31.710734986007232,29.411719635386707,00000064.wav,valve,id_00,abnormal,376.9683803607047,23.825660934646635,14.966853663384832,49.55967890497544,3.516179952644041,2.356050762109349,0.4713835702816141,1.6845135086440752
80.59599636032758,5.677895920862893,-18.813168499447883,4.283189347883523,3.975481812054755,3.807325941735809,6.311927268516365,3.493563401073464,1.956323930846224,1.89896518553377,0.0408312183920714,21.70468647735358,14.064960085552697,16.69000053443302,28.52742486817392,25.121079708029853,00000065.wav,valve,id_00,abnormal,431.7975788799241,12.683640315029589,11.421977825207426,42.19488025665808,2.296473265073948,1.967594450521367,2.9471568677443107,1.9974515150271448
76.77642980935875,5.491424733795464,-17.159794635837255,8.249161853609117,6.340429452255751,5.9684950939827415,9.90354730862052,4.325225527599672,15.47412725922258,4.260486430045057,0.0441477336686185,29.81831613729336,19.23885806226636,23.79608679016281,32.732090787278,34.49313552733226,00000066.wav,valve,id_00,abnormal,403.148020149117,39.72263988445436,17.905485281948224,57.71657418679906,3.9219910846953936,2.795034150910176,2.2329981801354672,2.23005910578083
74.89023051591658,5.886015778093268,-16.29986095244321,8.775989971994735,6.083955914768148,5.539245440372485,9.346161799336237,4.327583079518545,15.88913282107574,4.930622525609898,0.0450737201935142,28.23057390123146,18.086641120276656,22.581338408275023,32.160277454854565,32.1559670100774,00000067.wav,valve,id_00,abnormal,365.7388953488647,59.04387706307366,16.617736321117455,54.25992336082997,4.101564644523744,2.477430399103954,1.1617512048362295,2.6921476518180256
73.25370973579443,5.297579123008726,-15.878089583694436,8.03682588957354,5.942700805132231,5.346901238339707,9.023108972703913,3.82849767511161,28.88165038002172,4.344975415636357,0.0472240104362536,30.21446180906957,19.015145352181094,24.06274934104517,36.21046448534084,34.19733103459504,00000068.wav,valve,id_00,abnormal,274.6702816808126,33.543586931273445,16.04070371501912,57.04543605654328,5.221940622737147,2.443482566299446,3.7280896680334927,2.1440125344400847
82.09250556517438,5.642323703236798,-16.87581816871403,4.004911229387713,3.5241299258683667,3.563715665380776,5.841463341852914,3.2611641517371988,2.2508038585209005,2.231050483630543,0.0444086375193161,21.978938196953003,14.121751412526038,16.57297854441837,27.806092991512383,25.005061900938607,00000069.wav,valve,id_00,abnormal,401.138533321357,12.556780910857103,10.691146996142326,42.365254237578114,2.310737258782781,1.9259503924465744,4.070857073207427,2.3959643141869664
75.53324968632371,5.724316764482455,-17.22520544976882,7.990855813204388,5.834250439355612,5.45138176058361,9.175283674021363,4.26890239606142,11.91969887076537,4.192963791238074,0.0435738918947522,26.15447199503853,16.970850783239644,20.73572696788751,31.315410632738345,30.88684868231336,00000070.wav,valve,id_00,abnormal,396.7333886353457,35.51428550431933,16.35414528175083,50.912552349718936,3.682730923694779,2.386431758618972,2.352873202761088,1.8493047304703905
72.23962411902897,5.928810811256424,-13.331195497858918,8.106725414399204,5.27178312771284,4.759257440034707,8.172962996202529,3.904353880751475,22.63116679718089,4.717501562510028,0.0519210629503647,23.61925257427577,15.107421392130114,19.491162163548047,27.948692654328,27.46285756840948,00000071.wav,valve,id_00,abnormal,257.95751348024777,108.31475321138424,14.277772320104122,45.32226417639034,5.115942028985507,2.05469838624403,-2.4602405761151944,3.546004046655186
72.97297297297297,5.893011026372071,-19.6577627195258,7.313210692385545,4.596855094733002,4.173860151357374,7.238673353394079,3.9810982718310552,10.875160875160876,5.208879914383903,0.0391377580164494,22.221065728380736,13.910900981002284,17.898590684494756,25.9232011035067,25.395712759565868,00000072.wav,valve,id_00,abnormal,313.10431209672515,64.38178786050241,12.521580454072122,41.73270294300685,3.724493080141616,1.848999156858208,-0.1383483132923711,1.2278116152792349
70.22532188841201,4.603899260857032,-7.259269923340583,7.17487648343764,6.020525572490485,5.170239662552738,8.883633005382507,3.4372955276552863,45.33261802575107,2.9731512616372178,0.0842945071821157,30.24213285259497,17.887839690880753,24.29684325276716,33.472244557887564,32.750361250885966,00000073.wav,valve,id_00,abnormal,189.2980761045113,26.794451939211097,15.510718987658212,53.66351907264226,7.619431025228127,2.300325146399372,1.7281112498258633,1.7844852715192343
75.3008233058898,5.978447078084861,-13.569715496893798,8.680030282831199,6.047554928383662,5.713139628538389,9.55968045790396,4.134197785681822,24.509183027232424,4.830817619328859,0.0511557030572266,28.277762858389167,17.768038616962333,22.203504947871643,33.34090959533824,32.20277025137001,00000074.wav,valve,id_00,abnormal,315.0871954034818,64.21886522210178,17.139418885615168,53.304115850887,4.84098828001267,2.446892465464005,1.2590752864333796,2.185922037806423
75.45454545454545,6.41420962852266,-17.735485997858724,5.4160989146786935,3.4159608711511096,3.075546118401957,5.069759257163811,3.174726888813853,27.93939393939394,2.2293623800305085,0.0414083893839055,23.581754983736385,14.74354666865289,19.32330139898855,27.964613114142622,26.022806390838284,00000075.wav,valve,id_00,abnormal,166.69993454324796,27.28120313622024,9.226638355205871,44.23064000595867,4.913887204366283,1.6375432192616195,1.0785604166487732,1.6463072713785476
75.73926868044515,6.362069608411117,-14.36756183104056,8.642401249630966,6.817980591979968,6.134063596138399,10.197942595940573,3.939049261722287,31.06518282988871,3.922421247493893,0.0482401244286884,32.50063563202341,20.43173273623665,25.6679123866837,38.098822215198815,37.12830030769067,00000076.wav,valve,id_00,abnormal,317.418397230716,46.41063286926271,18.4021907884152,61.29519820870995,5.184478371501272,2.878537829682367,5.769074066970329,6.644398381081137
73.7835875090777,5.64644824571891,-12.295380792274116,6.988131706244129,5.301446204263693,4.950735366921237,8.434394693382112,3.892585233746402,21.85911401597676,4.033384417358031,0.0557356776659967,21.811447959661272,14.625182225219568,18.030429229453524,24.179423116164724,26.03308861090986,00000077.wav,valve,id_00,abnormal,275.43266822614174,44.52611997278631,14.852206100763713,43.875546675658704,4.898656011623683,1.846918641607138,0.9215982375585214,2.390303578481109
76.43965290560084,5.475755574768332,-17.077040495454742,8.11048900646231,5.992685762952701,5.558235492787801,9.284498094292488,4.312622740405485,14.462266631606626,4.51033283954815,0.0443404000500106,27.52050873150293,18.0363608066608,22.0971392466384,32.98388187988696,32.128478503822514,00000078.wav,valve,id_00,abnormal,378.0757286023938,67.6650612924844,16.6747064783634,54.10908241998241,3.904786954234613,2.4981811610898395,2.422478928725668,2.3241690263588235
75.02753303964758,5.952430568114633,-17.067947753798077,8.996965536345607,6.50746382460494,5.888709827681216,9.626536674814048,4.02928755099508,25.440528634361232,4.9974749442803885,0.0434397726230292,37.48817501713696,23.684798605087032,29.87002383910141,45.20640319420769,42.543048040381024,00000079.wav,valve,id_00,abnormal,354.8355643968771,54.7068159191217,17.666129483043647,71.0543958152611,4.238777196364638,3.5481111430582706,5.203086612983512,7.148161278975746
74.89127283270514,6.635204761719932,-17.230124011990263,8.902659393272696,5.96409763203311,5.44310431426083,9.202433039473332,4.23612886712462,17.947231081472893,5.844167127822031,0.041901790228073,26.00181605310265,17.50330163966544,21.37916320247843,32.334130157274885,31.21450760896597,00000080.wav,valve,id_00,abnormal,345.45588109160536,66.01940492298918,16.32931294278249,52.50990491899633,4.267111368909513,2.391368040604335,-1.379205375014228,2.343119017250581
75.26161573880285,5.10059269250565,-13.702121865225452,7.34145286835665,5.463158355157094,5.186461191407369,8.697471482810291,3.719571827338868,27.417329426538306,3.5518613351720467,0.0531838100785735,26.14016721589956,17.248549753911615,21.749955628470666,29.08381440743992,31.16208515266124,00000081.wav,valve,id_00,abnormal,238.9050879747796,122.83714221696717,15.559383574222108,51.74564926173484,5.82286432160804,2.269739307657197,2.2048998527566908,1.7389279331842056
74.01574803149606,5.281882635712302,-12.377265810472544,8.865226030512888,5.991830269869387,5.482417346211412,9.241432874103037,4.127687456793351,22.992125984251967,5.209700682769738,0.0566278721223414,26.7816430424418,17.02743505527515,21.2532867934737,31.37703408545985,30.89930100804693,00000082.wav,valve,id_00,abnormal,318.7582717394523,56.5835264691842,16.447252038634236,51.082305165825446,4.655324511657215,2.346264553839972,2.0468902257870507,1.8485841598258663
74.61155997513984,5.686650028953009,-12.19638422911994,8.824808947065598,6.151189999326083,5.671172960091011,9.484180463822629,4.141824312276151,23.43070229956495,4.295062634666016,0.0559189221229931,28.59961651604782,18.54839344207272,23.322333247670823,33.366472183818864,33.036942260509406,00000083.wav,valve,id_00,abnormal,323.1527476736361,64.71593400929507,17.013518880273033,55.64518032621817,4.713708423997513,2.549894021656424,2.3416269852604863,2.5912295316291787
79.97481108312343,5.3903364174607,-20.94925174446754,4.541026394779285,3.063949034996306,2.992324679813372,4.970210007393874,3.490775046080961,4.345088161209068,2.89657271886953,0.0379656657443649,23.02062557638516,14.001458645289755,17.826196317636597,27.467526047046103,25.46665272774389,00000084.wav,valve,id_00,abnormal,316.61528840429605,112.55252337317008,8.976974039440114,42.00437593586926,2.502992125984252,1.8561208838568768,3.075642187328217,2.2792134023742685
74.31412894375858,5.187550541855883,-9.963745494143009,7.897170864354765,6.082263625244195,5.673366970700744,9.507123893032848,3.9895055181908856,28.08641975308642,4.447234536885105,0.0660009544809921,27.52272323517533,17.996705181378275,22.268908795998687,31.71567533510087,32.866480322290506,00000085.wav,valve,id_00,abnormal,290.70046240841094,41.17629685226162,17.020100912102233,53.99011554413482,5.215094339622642,2.48067322118351,1.7797827340763053,2.9953973599151564
76.7867690490254,8.095224627970582,-17.919103558178826,8.83352794591157,6.870465384810111,6.379912996833297,10.42022612573908,3.95067657436913,30.271707028942707,4.459491794948886,0.0384403545939895,33.40115271436938,22.014441710699888,26.027740186561143,40.04255933832162,38.8783794787562,00000086.wav,valve,id_00,abnormal,336.77711710940576,61.862527321891264,19.13973899049989,66.04332513209967,4.921418020679468,3.072761592179179,5.987011058667378,3.660680946609383
77.07006369426752,6.285711496346927,-15.730392710866983,7.761453657880104,6.113478558337734,5.687539531288527,9.424766278617428,4.202083312015108,15.0828025477707,5.117129431157963,0.0454212966375919,27.132854080555823,18.213379767509505,21.76290962241226,32.72204183522657,32.58250536882467,00000087.wav,valve,id_00,abnormal,389.3069394624808,32.59573254604575,17.06261859386558,54.64013930252851,3.840214067278288,2.567321519360547,1.2250397601449488,2.2595552912488888
73.31697054698458,5.699216728930444,-12.629278142810994,6.579405796957313,4.939338853356238,4.558503554630343,7.813266153436982,3.865954293788764,17.005610098176717,4.162591310767848,0.0545598537685592,21.45589126393348,14.040644492147573,17.471180748764244,24.072057336544887,25.565498300985627,00000088.wav,valve,id_00,abnormal,285.7192750350929,38.56476984596869,13.67551066389103,42.12193347644272,4.381620484040687,1.831126495652384,2.245941514464338,2.6778168252421923
74.46043165467626,5.597698499267248,-12.45763466990915,7.935484768534441,5.874140215337633,5.379936639916483,9.135561695720796,4.057944512418307,23.11968606932636,4.1294222310742885,0.0553852975533663,25.940360606396894,16.970778114784142,21.165779934565847,30.12907866887268,30.363640994041223,00000089.wav,valve,id_00,abnormal,306.1927854942614,51.68145168205,16.13980991974945,50.91233434435243,4.777886817140988,2.301118168237178,1.3931303892818003,1.7941430948989503
78.58546168958742,5.560471436929694,-18.032951464634408,3.726226203420085,1.8661738109880088,1.7428342056252406,2.830301829180162,2.5411413884320506,14.800261951538966,1.0108798988290355,0.0423846935721101,25.178715864023665,15.384010099114054,20.334148024095324,27.289900611228543,27.96652159525255,00000090.wav,valve,id_00,abnormal,152.4623350444469,27.10508595585558,5.228502616875722,46.152030297342165,2.9639580602883355,1.7150909712353783,1.662822497964008,1.253626071373081
75.19628836545324,5.948775171358244,-11.647268679840158,8.135754176302191,6.183375772309381,5.80847016428647,9.528728819136848,3.684887183636526,32.83369022127052,3.9986994600640062,0.0568309563477186,29.4395989411388,19.830219750684368,24.3489230838337,34.430792655124755,35.68660494094908,00000091.wav,valve,id_00,abnormal,276.4227841721779,45.849299031492365,17.42541049285941,59.49065925205311,5.438414851838629,2.6811225927285727,6.722761200675859,6.553177551742206
73.26523423740754,5.213678526443115,-14.850074348399394,7.628421056594694,5.252555931837319,4.807276901532149,8.262716959234396,3.967703055672475,20.64107079957732,4.833211665929423,0.049841124252177,23.431486417760272,16.235329716668236,19.3882335694654,28.128822412709564,28.89994987656203,00000092.wav,valve,id_00,abnormal,285.8382713829399,54.88245858527031,14.421830704596449,48.70598915000471,4.6543340380549685,2.167623443910446,-3.2852203448132,1.4011633383796631
73.17476048893293,5.747107006191887,-13.750593161134944,8.605388688084167,5.800410362331568,5.226509336930622,8.91726736017678,4.129744846174285,21.80376610505451,5.294619958618528,0.0512881002076206,24.024454291836044,16.230236606836872,20.07290673583515,26.485462429379847,29.10552018340997,00000093.wav,valve,id_00,abnormal,305.89091946654406,54.02727956351558,15.679528010791866,48.69070982051062,4.710508922670192,2.173827498187127,1.0894537375697422,2.142878634050125
74.66517857142857,6.659378741640268,-14.61969222777278,8.042327723754271,5.665040006520651,5.111429242254285,8.543829957258133,3.3811100847032747,28.162202380952383,3.0978003756766883,0.0469945328645888,32.08097120184031,20.10281477760389,25.07671631770448,38.82210528730181,36.39596375363517,00000094.wav,valve,id_00,abnormal,266.87504798109234,63.4397433459398,15.334287726762856,60.30844433281167,5.081131373278749,2.7413879311337253,4.916765635866884,4.260709649183119
72.26334242306194,6.188011921318433,-12.09582121699153,9.351823362090732,6.550568761074489,5.75887940252613,9.61107229346588,3.98215114512329,36.81340085703155,4.786210084885438,0.0546931265689965,32.593361219377016,20.130578037928665,25.93997843216669,36.44503905450151,36.61801127677174,00000095.wav,valve,id_00,abnormal,259.854302419445,90.02009831072279,17.27663820757839,60.39173411378599,5.987918939984412,2.877726841650922,5.294848580797284,3.695270674639457
74.38659485338121,5.505075584669909,-9.618906176487483,4.323425341570956,2.7844883984875493,2.423366868265961,4.065388386989087,3.0691520302925674,18.43207660083782,2.0957080478741448,0.066120153792322,24.58608899874845,14.18766014909149,19.05500459652333,27.659904196941813,26.35658591070069,00000096.wav,valve,id_00,abnormal,170.28502470597022,18.812111895054613,7.270100604797884,42.56298044727447,3.8892215568862274,1.7040291151128069,3.232134122402504,2.6997982194836254
79.46632782719186,5.8124849626892265,-10.966887965009857,4.987175542164065,4.264298211217129,4.228963850304307,7.006233720006233,2.9869267712622145,5.895806861499365,2.0324143900210343,0.0595969828138939,21.32936041024107,15.230450067857449,17.851477747967156,25.52715218257358,27.068936691101857,00000097.wav,valve,id_00,abnormal,391.4269938340842,91.6999236224157,12.686891550912922,45.69135020357235,2.8467208947636,2.149064274246399,1.5257248443073324,1.471188563149335
75.12811752647762,5.515003754671371,-11.747442197460783,8.058731640863916,5.934962940566193,5.5059934915615445,9.25386345254525,3.981293420336857,26.955927570891696,3.999707478117774,0.0579292183027218,27.31855782519526,18.135392306215525,22.927871490137903,29.790327704617493,32.35389302052872,00000098.wav,valve,id_00,abnormal,292.30029849059656,51.01490258228774,16.517980474684634,54.40617691864658,5.05604921394395,2.3801880995569458,2.210796556547333,2.1559100959491766
76.34943181818183,6.346325594239246,-18.33885946690143,3.502574789214044,2.5935035974709097,2.317138596456217,3.7597256894311286,2.6233331863762004,22.017045454545457,1.4177619982889782,0.0405101277354487,26.294304335777923,15.63173336140763,20.99426749434444,30.34582121118839,28.17529862788502,00000099.wav,valve,id_00,abnormal,142.50083681183636,36.03843425509163,6.95141578936865,46.89520008422289,4.267235252309879,1.7449788105971469,2.981911848025497,1.5463016556024527
72.27126805778491,6.9837239672374265,-11.893921998757556,8.177003800335362,6.351013927273326,5.754994552555661,9.584122519476027,3.834262378270498,39.1653290529695,3.653765640224941,0.0529727065440965,33.359514489558165,21.417723692779976,27.53795944998936,38.197590172800986,38.46531005100214,00000100.wav,valve,id_00,abnormal,255.38536813281144,40.63252429950673,17.26498365766698,64.25317107833993,6.149337615415496,3.008884439119964,6.380564382537138,3.0465104819194493
74.42484662576688,6.237908761405019,-10.55226103596169,8.991178975457922,6.384319802290114,5.756938946101728,9.576969467094491,3.814225863127141,35.04601226993865,4.122439155421021,0.0595586591480948,30.54116030235874,20.469564839131387,25.21045827211441,35.02171385975416,37.08035734499878,00000101.wav,valve,id_00,abnormal,263.08865394355325,57.03568189828839,17.270816838305183,61.40869451739416,5.87265055619486,2.8227299125852,5.951345314877182,4.805186285407942
74.77797513321492,5.838976282417383,-9.147804621083756,3.985900707448785,2.448791034861016,2.186162376515349,3.675735038935082,3.0208392695887496,15.2753108348135,2.178108976681531,0.0667254700284825,21.89244347159525,13.342694319199014,17.515652083515132,25.10405759462756,24.425973157180863,00000102.wav,valve,id_00,abnormal,172.61876357439314,17.855544655174974,6.558487129546047,40.02808295759704,3.4786729857819907,1.564756248180791,3.2784968152770246,2.693720058363399
75.7907182973692,6.075184152533052,-13.235845297254873,8.556983694541655,6.182316740362935,5.797185216517465,9.694765597754811,4.246959407940587,21.5193615134496,5.297170663640722,0.0517838783582292,27.1035392745114,18.46781422241609,22.457211200699028,31.20096214518582,32.76111010928916,00000103.wav,valve,id_00,abnormal,339.79318836921453,65.91374430120796,17.391555649552394,55.40344266724827,4.58367829686576,2.5575425419075914,1.90346725150391,2.305353725607429
74.77477477477478,5.536695278559178,-12.41118218549308,6.950225742787413,5.568393876992584,5.166690266500734,8.714086635129032,3.882495114214588,22.695772695772696,4.142769940648227,0.0557168947694732,24.822691581242456,16.431967036131816,20.657162011028564,28.69353358106609,29.7832290932162,00000104.wav,valve,id_00,abnormal,287.5497306997039,41.51635360811449,15.500070799502204,49.29590110839545,4.828769497400347,2.289900762404552,1.644780751407391,1.6257461099832429
74.3694614860259,5.487551091891388,-9.78585746967815,7.670107033639139,5.94545511475718,5.499580710164336,9.2468806401061,3.959829669683789,25.76687116564417,3.889278235186555,0.0654732698316057,26.343213262453265,17.326770159180292,21.544490366560005,30.416086392367127,31.39744389801445,00000105.wav,valve,id_00,abnormal,292.71399053767243,42.47794421963556,16.498742130493007,51.98031047754088,5.039549948857824,2.44645901987026,2.820772713224301,1.934800579106402
77.58231844835363,5.814640967341948,-23.74504323910838,3.2794479191653125,1.8836806103476296,1.8103103472802244,2.967702720332764,2.726541656720045,6.720793865584122,1.276615435260769,0.0338298607324697,20.592890262109144,13.17731172193274,16.63148315525038,24.75139893199287,23.95408857398896,00000106.wav,valve,id_00,abnormal,223.51677445335568,28.88551322231296,5.430931041840673,39.53193516579822,2.1398916967509027,1.6896872574032722,2.645961978157117,1.5674031928230483
75.16489819328936,5.9422650679091245,-12.169302628578718,8.337458995995362,6.023227461183966,5.527360874394306,9.28710487775784,4.242033620124666,17.92371666188701,5.118969776083999,0.0552133319852769,25.61025873066881,17.267854320816117,21.277118744251908,29.32199352304445,31.448256075550425,00000107.wav,valve,id_00,abnormal,349.9559121592076,63.019263703944,16.58208262318292,51.80356296244835,4.259896729776248,2.428382523568621,1.7699674654334043,1.3291787874936891
75.41271513874254,5.774531781263755,-11.62477949187387,7.35220749892688,6.011798724146832,5.749929275420889,9.60160636463822,3.909496793558936,29.89111345275729,4.197059362851763,0.0574735392856541,26.3922971877882,17.28869685893808,21.91490000684744,30.26910308148748,31.0710902249646,00000108.wav,valve,id_00,abnormal,283.91539864336465,19.357727358503457,17.249787826262665,51.86609057681424,5.392480674631061,2.353440646654424,2.9954261979904024,1.8729552760374588
74.75675675675676,5.534517871413254,-11.71962102985945,7.015316891523472,5.41482512955092,5.154763147554242,8.604071886175415,3.3952643131305886,41.4054054054054,2.309125072692561,0.0579571084782583,25.599722862843137,16.99660290494251,21.36127885334105,28.0542299919117,30.643800048534658,00000109.wav,valve,id_00,abnormal,185.64425418315463,80.42969136736592,15.464289442662723,50.98980871482753,7.438615467820443,2.184683515846136,2.0557078352280804,1.6130461626933486
77.02488088935945,6.59263618961168,-17.989637368854954,3.105795519277247,1.47194158433137,1.3761069952572802,2.272536294910629,2.8283340444584315,5.611434621492854,1.676604632893587,0.0406797197835096,21.305953552813783,12.423291766627155,16.543355895426682,25.34563230884271,22.653205135199965,00000110.wav,valve,id_00,abnormal,191.1519835246039,32.49992046129781,4.128320985771841,37.26987529988146,1.9221398305084745,1.4576168603123043,2.2254801007094454,1.880890062708952
73.22528363047002,5.500567361996961,-13.969192192715743,8.472328908710827,6.079082927541761,5.494510883884455,9.339536887244842,4.069784868166265,23.695299837925447,4.69394551588316,0.0513617026029449,25.15969318073756,17.244337622104858,21.02138837999073,29.36762845623548,30.978460075804783,00000111.wav,valve,id_00,abnormal,308.37947997488146,64.19259629790047,16.483532651653363,51.733012866314574,4.842088197146563,2.4246338597050694,2.2292748999662293,2.19274408347905
76.94217807733239,7.187016598862465,-16.04550838518331,7.897836396870216,5.952983118378246,5.595383754783832,9.222224719830496,3.485663646064692,29.86874778290174,3.252128971498974,0.0430431044704232,30.188130910294785,20.040550505899542,24.698480707904285,33.93581522685291,35.60355494904236,00000112.wav,valve,id_00,abnormal,284.8312736309176,63.60922057922656,16.786151264351496,60.12165151769864,5.230660042583392,2.771528205155921,5.179335855758612,3.0050787442405165
79.76662777129522,5.896374736559937,-17.153368644425708,4.638185088472183,3.940863975096024,3.725787749397168,6.202216968788747,3.232573187536796,3.570595099183197,2.004349888383497,0.0433844309444645,21.191984161529785,13.797314380289036,16.922628139153744,26.88498178950128,25.160244770980043,00000113.wav,valve,id_00,abnormal,422.3726495606732,72.00758571349125,11.1773632481915,41.39194314086711,2.313492063492064,2.016347863839529,3.155098678222376,1.8322299072231008
74.31428571428572,5.584211110460724,-14.757498636849444,8.55691536757563,6.070731837520447,5.566171892785594,9.360357795284058,4.238298026529844,19.28571428571429,5.025157054818608,0.0491600761402188,27.81729676418902,17.95485422897053,22.349748346567186,32.63034220221251,32.27250145783123,00000114.wav,valve,id_00,abnormal,349.76127333577745,65.49426276702683,16.69851567835678,53.86456268691158,4.2760788796799085,2.5267435823724727,1.457279249145554,2.3327991632069844
74.42143727161998,5.651266231439634,-12.51267373616957,9.415976016260917,6.663392587261312,6.178752609264518,10.171776522979131,3.849607851325444,39.50466910272026,4.724784798787698,0.0550541348288558,33.394932804432536,20.85487714848482,27.232504007079744,39.3061091638128,38.21955749475672,00000115.wav,valve,id_00,abnormal,246.8238287694896,83.42110550634116,18.536257827793555,62.56463144545447,6.6019496344435415,2.968810796030831,6.830002004914758,6.646471977165622
74.39134355275023,5.623808070987798,-16.31992186702207,8.65462969371389,5.983689408269507,5.523189960478147,9.259552165981988,4.175999456685138,20.4087766756838,4.569747343640894,0.0455711040386004,26.68013587996577,18.02698711194052,22.00966267476908,31.392859591348486,32.02421535489579,00000116.wav,valve,id_00,abnormal,328.9833714771601,85.76488893853853,16.56956988143444,54.08096133582156,4.449789536981359,2.454634347202721,4.660512451817247,2.639631002910972
72.99375300336376,5.900293243575862,-9.10496182590335,7.384377784744133,5.792117630474503,5.268934676715341,8.940101802175269,3.65011079880192,41.71071600192215,3.1275406881694177,0.0666433189818949,31.10850454394572,18.800556541965367,24.930220923443738,34.48971783531208,34.41352416957012,00000117.wav,valve,id_00,abnormal,209.70863151402892,65.68159774942076,15.806804030146024,56.401669625896105,6.871634615384616,2.5454557480608977,5.439768568105973,2.1079767242026675
75.1996007984032,5.532301838294227,-21.03851687497756,4.354290849529776,2.4184628669040222,2.220586749141284,3.6247024183935337,2.8474084625392537,13.72255489021956,1.825714307931372,0.0376352723937901,22.86810826700749,13.278211300971984,17.85035807419454,28.58316755821732,24.550420854671824,00000118.wav,valve,id_00,abnormal,201.22209384226056,56.50182340806897,6.661760247423851,39.834633902915954,2.890664003994009,1.6635500557350535,3.1333846392616835,1.7055033523262897
