DPF,Hp.SD.1,Hp.mean.1,Jitter.APQ55,Jitter.PPQ5,Jitter.RAP,Jitter.local,PPE,PPF,PVI,RelHp.1,Shimmer.APQ11,Shimmer.APQ3,Shimmer.APQ5,Shimmer.APQ55,Shimmer.local,filename,Fo.mean,Fo.std,Jitter.DDP,Shimmer.DDA,Jitter.absolute,Shimmer.local_db,praat.hnr,signal_analysis.hnr,hardness,depth,brightness,roughness,warmth,sharpness,boominess,reverb,machine_type,machine_id,label
77.78766310794781,8.211800794580913,-24.314478837690547,5.939747326439586,4.268572246859433,4.154802134812358,6.970566696644299,3.5657869700986464,8.659549228944247,2.602967258222834,0.0307443707459193,15.906782161937423,12.208009463802068,13.83288945100866,22.721327205323448,21.691814640886623,00000000.wav,338.3483199366359,86.15486341289385,12.464406404437074,36.6240283914062,3.3061406110946305,1.967645787809699,0.4083592763214884,1.982776965939548,54.00996167744199,56.76167535965129,61.19550503279808,53.50780165204788,45.89495976410106,51.54321094075387,25.08853802954306,1,slider,id_06,abnormal
74.99356830460509,10.697983669974109,-28.54209400050555,7.732896384952703,5.837600208159681,5.183526110978245,8.655820490924734,4.012215370504876,13.892462052997171,4.277984671132758,0.0254841493535651,18.02713943510322,12.910072756824803,15.349069908324372,23.6352559346548,23.487029060142262,00000001.wav,386.5603500466573,52.42605536838978,15.550578332934734,38.73021827047442,3.561245496654658,2.486196927296469,1.2470234646503209,3.4993851972912497,46.87674789589573,57.12021893210032,62.36584375062164,56.0487488005846,46.43499730645475,52.70710453252032,25.951471026042377,1,slider,id_06,abnormal
74.56140350877193,9.649501680706772,-23.03613150265689,7.6955512993840705,5.658442877527796,5.080440389551934,8.618989549568154,4.239447911375627,11.584107327141382,5.326116972236281,0.0305944815078258,17.467161591170168,13.55610937095153,15.587349466156914,23.249332848017275,24.040157860863463,00000002.wav,387.51692922214255,40.40697612172279,15.2413211686558,40.66832811285459,3.5566451612903225,2.275115693840232,0.8854961647972219,2.249438700989625,55.76486813875744,61.687502436574405,62.61739351202409,58.14201412434654,45.92830376231544,53.11753672117088,25.6386861124678,1,slider,id_06,abnormal
75.6885593220339,9.355539833608184,-24.50532527267173,6.618678770696016,4.913170116418263,4.520546998093724,7.674284479196255,3.890059297930702,8.47457627118644,3.3515275928052897,0.0295326181673526,16.810685314765543,12.644945904817364,14.683243389810537,21.045042622219285,22.578184086897306,00000003.wav,378.77503814753504,48.11268803741052,13.56164099428117,37.934837714452094,3.2505960264900664,2.083918148643356,-0.1924653098888131,2.069292645585212,50.859427118283406,52.24769830910207,62.70217824413529,59.31395138225313,44.4587033275128,52.07050892688939,24.074067408285288,0,slider,id_06,abnormal
74.95854063018243,8.483136404716547,-23.666897209461307,7.460869053774764,4.257882118245411,3.852034298060919,6.555962783294834,3.747200834791208,17.495854063018243,4.22628639950266,0.031104166546159,15.631452155437795,11.383360348177597,13.01253152744943,22.599225550580808,20.67867652157795,00000004.wav,241.7777397577496,99.06603207852962,11.556102894182755,34.15008104453279,4.345499792617171,1.8882866158164573,1.053074862980672,2.43997846244899,54.32724244434087,58.95841229431746,61.92069297338188,55.01060272320071,45.24000662621808,53.22004426636487,23.78838712774477,0,slider,id_06,abnormal
73.99582681272821,9.348285938307626,-25.773742607304097,7.701605532278672,5.867166140779441,5.172197894791081,8.83125727277459,4.309699122484117,11.476264997391755,4.58360511535622,0.0284721595366092,17.759996664802948,13.29689097850727,15.588425384817151,23.19337645931734,23.682924178536737,00000005.wav,387.31356838539546,37.71460206613898,15.516593684373245,39.890672935521806,3.684320375684842,2.2346378790951915,0.3518600853973912,1.972181977145152,58.2951121432381,56.092573513514765,60.72080462345164,57.01697029987783,47.2796695730388,50.57004899265576,25.865775587182217,1,slider,id_06,abnormal
73.9399714149595,8.124121156611613,-18.84976428851581,6.38912219690216,3.706696062491261,3.373565366772866,5.7323275386122985,3.5342214338891806,19.77131967603621,3.098942410673083,0.0370728941529126,15.4453549230486,10.334076806280825,12.655602946190442,23.282240274466616,19.065491411459483,00000006.wav,210.4172451329992,90.86177807808772,10.120696100318598,31.00223041884247,4.367492850333651,1.75626858645606,0.7041834001650611,1.9999254638336417,53.310552205982106,58.42829157286212,63.48648331508893,61.06626155424821,44.76196737545769,54.1039682807819,23.343856898125384,1,slider,id_06,abnormal
73.54160906828864,9.916325500769345,-27.98863244659433,7.056448648206729,4.777506273070774,4.30473275581847,7.455221033686342,4.094190167635155,7.741222007188278,3.724166209532669,0.0263817731017836,15.235381882213602,11.697230292702228,13.459424262935146,20.899139108960128,20.840092054388144,00000007.wav,362.7954710943637,47.70588317497597,12.914198267455408,35.09169087810668,3.297013274336283,1.898768463694981,-2.4316464673464178,2.1707661800416003,57.51920346902773,54.501681735476566,64.32697667523983,56.98037992621248,41.49472155291369,53.495877828549006,20.15995598246797,0,slider,id_06,abnormal
78.31417624521073,9.559733539424773,-23.550687734183946,5.526751952479144,4.400501720216424,4.1865478584353655,6.989973794859184,3.4531488177305394,5.031928480204343,2.819625636236689,0.0302019715103132,16.288334994768924,11.74544287660305,13.95296032278472,21.89185194703901,21.324265594663828,00000008.wav,392.63945953540406,28.749847075926468,12.559643575306096,35.23632862980915,2.85539090444558,1.9852559108571528,0.9878261014258204,2.332669178246647,59.95898519984726,57.06296492538666,63.08121843058622,58.84917357700709,44.41110699820011,54.34983842282418,22.346839718714065,0,slider,id_06,abnormal
72.51824817518249,7.26363291995455,-20.90419990610508,8.991734636685138,5.84491886998601,5.336411663657627,9.024811337197876,4.039316336816735,27.043795620437955,4.439138558770424,0.0355014887433883,18.321674107687688,13.305094099475603,15.647033788700584,25.42275715281429,24.01890257435218,00000009.wav,276.7727723298884,77.69595812701581,16.009234990972878,39.91528229842681,5.268711208470244,2.363736692630459,1.7008675671348914,2.600094846825811,46.27921790525005,63.2398290468696,59.26278839028106,52.637758375323536,49.50533094781473,50.18112713420015,27.44553165556225,1,slider,id_06,abnormal
74.1839762611276,9.15481226391309,-22.43968095177388,7.019701404522433,4.701995505637284,4.217057299994314,7.27070089292454,4.059299347497896,8.427299703264095,4.878256461321548,0.0316510853069638,15.011829281242358,11.0999529419456,13.05368409137843,20.116104369326955,20.069603973707075,00000010.wav,338.6164200692009,69.50933695888818,12.651171899982945,33.29985882583679,3.450281982784209,1.775426114304845,-0.3484823018576286,2.6743984347568075,53.29345112363785,49.73822362738146,65.742245399298,62.34024687817755,41.86029339864035,56.20937838351058,20.47541552033681,1,slider,id_06,abnormal
78.4051378110784,7.850107756571936,-25.86494679701151,5.835046977639298,4.060470438980487,3.799921514011019,6.334426046714444,3.292833630237827,5.298367674605299,3.1152392230121606,0.0296603405582718,15.503267093085718,11.26827383777266,13.295897726260856,22.8323231027662,20.481862304634618,00000011.wav,368.80739388662414,108.61046961696664,11.399764542033058,33.80482151331798,2.7109207708779444,1.9385351215399544,0.5248559672104194,2.134262591270988,55.22314197250387,55.23561638752837,62.286844109281006,56.376981491571385,44.14930156054113,53.04101362481416,22.6154072046225,1,slider,id_06,abnormal
74.74563005478737,9.57162028330151,-25.73102370291545,8.035231825191454,5.82294221382085,5.243245391428821,8.850826544656973,4.2540623002072815,12.392381946256195,4.2012909306246495,0.0283264902308854,17.78643896036064,12.919687583503569,15.263073944926726,22.86983435726957,23.489988055136248,00000012.wav,386.9769682832018,43.67840588518587,15.729736174286462,38.7590627505107,3.693632567849687,2.306116230740362,0.8077049784299298,2.871425335091568,60.27549884431798,61.57064596208566,60.42193477181666,56.70576572393657,47.34330125914876,51.0747177118737,25.69446842846592,1,slider,id_06,abnormal
74.32781799379524,8.971145091250508,-22.051143905061554,7.7392229520169025,5.77536433162056,5.203449911079148,8.846245495757811,4.321247857068538,11.608066184074458,4.638895657624642,0.0322348876357537,17.67472607999846,13.564225247517848,15.536176086123582,23.71605205787785,24.10216984646589,00000013.wav,389.435095527138,39.66997586927421,15.610349733237443,40.69267574255354,3.658132919575898,2.3824022587926965,1.0424739367275435,2.541733363737786,50.26607910101495,60.62974674527713,61.85001742760368,58.40623319308493,46.59990260718563,52.26215724095076,25.143661750764306,1,slider,id_06,abnormal
74.47970863683663,9.048808922506296,-25.541991012062983,7.866852713190389,5.774253225772829,5.066317615562276,8.648363273167593,4.303221112843413,11.52445369406868,4.958804199925752,0.0289094210568002,18.13739713404945,13.64719651832482,15.892024914263224,23.733526199097028,24.34948503167971,00000014.wav,385.492381691468,41.46957273315506,15.198952846686826,40.941589554974456,3.597710122300286,2.368362338695628,0.97295466976762,2.371062691169657,55.283122948663845,62.355449601621466,60.19887908947624,54.9854217281676,47.78841795213016,50.651018771105136,26.57439236294417,0,slider,id_06,abnormal
75.26824034334764,8.885226194634102,-22.778554872623275,7.824549522524891,5.67416358097548,5.146804374108795,8.696816181962182,4.361258391825459,11.802575107296136,4.771435628846439,0.0315818252367236,17.056067745039815,12.37253527281092,14.60172211962862,22.31201157127224,22.38629348638208,00000015.wav,376.20474336966544,43.348035798560616,15.440413122326383,37.11760581843277,3.7314193721491815,2.199335900483339,1.0184369234555295,3.0950523503308185,51.39047445025324,59.422483101768265,62.84261543688783,58.60332537310354,45.5700180952183,53.29601203404051,23.86530362241963,1,slider,id_06,abnormal
74.31264728986646,8.89103043851076,-25.896951698705188,8.026659555432566,5.851998479199696,5.2680008213745095,8.954339780019392,4.302585457634754,12.77821419219691,5.782995527008688,0.0287455592007507,18.90072514362408,14.104269377882067,16.717216278391287,25.154378409205403,25.24900884086124,00000016.wav,384.7454022148903,41.39744718491975,15.804002464123528,42.3128081336462,3.750130958617077,2.399689659036939,0.1340471455274703,1.9959756629745244,49.957076101710754,59.71462115074756,59.12757765003818,52.07893567921404,48.0250523834858,49.215998411920495,25.99106544844069,1,slider,id_06,abnormal
75.28060558600887,8.740410962217702,-23.84421434046193,7.990343687352684,5.773315731575456,5.184232870298419,8.755567933275241,4.395375088401645,12.398851474810757,5.326430233460767,0.0306893202150083,17.736016416580384,12.788074163234992,15.007962131878658,23.311021508788187,23.251204721156903,00000017.wav,386.5819568323863,41.593886098270815,15.552698610895256,38.36422248970498,3.655352480417754,2.3900597911165447,1.0260617350405317,2.932519404520986,48.546044471788605,58.07770280074718,62.13087877452293,55.70124513359156,46.34079824488867,52.65645763887987,24.435416057356868,0,slider,id_06,abnormal
76.18218740934145,8.812425060986316,-24.73598994378256,6.90668089024279,5.310386200812973,4.927376070662735,8.278216211040498,3.948269208236896,13.170873223092544,3.468526670661965,0.0298076675115009,17.485491525446832,13.136689263828115,15.020997407333743,23.415282815451707,23.402481423019445,00000018.wav,347.94964480437983,86.83421023372719,14.782128211988203,39.41006779148435,3.841265235055136,2.210793501341847,-0.0364294879279606,2.119608041385429,51.00024316180105,59.90525756378804,60.575245864155264,56.413823114834265,46.73492724324096,51.01764527330522,25.689331966039468,0,slider,id_06,abnormal
74.97459349593495,9.155580336346077,-21.414564292962183,7.268407260141416,5.52656177908018,5.043619878043993,8.566638156398866,4.183572154523641,9.476626016260164,4.103206539857054,0.0327116542013765,18.03353530054044,13.21756282931915,15.379864009296544,23.316926141760348,23.8760499632339,00000019.wav,392.6764091603499,35.523924571052035,15.130859634131978,39.65268848795745,3.4810673443456164,2.438808914964153,0.7984198450913833,2.6957919996264312,49.18448946552081,55.743304105473726,62.58450063439639,59.75155850833868,46.02787819196168,52.86702019808977,25.42825766844586,1,slider,id_06,abnormal
73.72098827052658,10.660059153453243,-27.07025875530509,7.864382662969637,5.755248026851795,5.085316014752513,8.574050765808437,4.271782410997466,12.0539056650861,4.73859982817998,0.0265038848179932,18.667091290486013,13.570049104712744,16.050927088072463,24.18434568095216,24.72859297557821,00000020.wav,397.117430948651,42.8771597915463,15.255948044257538,40.71014731413823,3.4216175736395407,2.4478254099349868,1.5887443240540535,2.634139096601344,49.09714244946724,62.82979837693394,61.0727397161195,53.7455697658062,47.035051234984046,52.58462054671725,26.30695321736848,0,slider,id_06,abnormal
73.32981251650384,9.162650828063818,-23.568890468193057,7.828457744263647,5.8897805537687375,5.202756030672359,8.877961860678168,4.319084519795621,13.6255611301822,4.200333494049316,0.0305515707601083,17.874096112535458,13.49569304998061,15.617345629062394,22.306323437233804,24.24583703253352,00000021.wav,383.1262326850826,46.03270715817029,15.608268092017076,40.48707914994183,3.748811410459588,2.435328996214995,0.7545235479372219,2.207041780736509,59.611332001063886,56.945442132519695,60.98490390507448,59.46155762783518,47.42012245121421,51.26183060259282,25.8362030384778,1,slider,id_06,abnormal
75.13185654008439,8.467957767066636,-22.69436689378889,7.809986957713358,5.6269577043498265,5.149661493603695,8.710861308463963,4.341288085169933,11.26054852320675,4.5836886499704566,0.0320900321424398,17.7366993189898,12.954728059236045,15.015542191955078,23.16926003277324,23.44634108474001,00000022.wav,382.7715733013375,41.96060549691174,15.448984480811085,38.86418417770813,3.674228435768927,2.319422169301354,1.0529264823329756,2.6040208183149045,51.62099204113164,60.08306667372028,61.624952461899966,56.72698780176522,46.24460526323431,52.32277776857797,24.30774674653499,0,slider,id_06,abnormal
74.28702851885924,8.479302748730028,-24.276242720228968,6.168634463566054,3.486295955350996,3.127708001691244,5.286918633429197,3.460912928419293,16.55933762649494,3.6659157571793175,0.0305291817212342,15.352546848920978,11.202850305284237,13.086798944576032,23.06849481500395,20.14607525035657,00000023.wav,218.60282274968583,80.88241516836423,9.383124005073732,33.6085509158527,3.888633225954901,1.7348342310510358,0.825968199058248,1.8417552741912848,55.07379057851375,52.42329831420153,61.43592255398475,57.52405646324342,44.904729805766976,52.39136729478393,23.36716606886924,1,slider,id_06,abnormal
78.03196490128487,10.893457438999675,-27.14467930849744,5.361891991657006,3.863845285964248,3.701113469388663,6.198907297580682,3.760088036137085,8.335944844876215,3.142738691956124,0.0262894054626847,15.555341454578343,11.273670337422269,13.364544173662605,21.324416406297708,20.53461554703776,00000024.wav,317.8508091554489,67.04516440127567,11.10334040816599,33.82101101226681,3.1065830721003134,1.8229913235970592,1.15828822139777,2.163177059631962,47.64789386122322,56.29491037772503,62.40389563984719,57.29629590360157,44.15505552038931,53.87438264350811,21.34989258163229,0,slider,id_06,abnormal
76.20653866113129,8.552592450048332,-27.85795089975322,7.877928989186057,5.799718856449018,5.301584392588688,8.9135320195821,4.300284270758399,12.92163985469642,4.251179367363989,0.027464572291406,17.619308397372176,13.552061959820072,15.38770646476364,23.792674387157938,24.104556745449347,00000025.wav,387.7005908170923,44.96313647820288,15.904753177766064,40.65618587946022,3.698676356086167,2.32202282355626,0.2365020656256701,2.3442742532511307,49.9286644178635,58.27197262638544,58.90939771648555,49.81090431740407,47.84821335121478,49.33683677487423,26.419796699077885,1,slider,id_06,abnormal
75.41580041580042,9.272034747213953,-22.938316832109187,7.578654259393282,5.646131741871735,5.051494955494789,8.538011253029179,4.306064176856917,11.14864864864865,4.828191935493455,0.0310459200526681,16.69342813644612,12.411420798542927,14.608537268857772,21.75064837184477,22.522161314367253,00000026.wav,386.996492324081,39.40141948832629,15.154484866484369,37.23426239562878,3.548999220171562,2.3004020559093745,1.3121188080554405,2.745856360472093,49.31426207757278,59.44019846139386,63.08040974011042,59.12166395994948,45.879980375927424,53.55027528760816,25.20444853911276,1,slider,id_06,abnormal
73.92156862745098,8.569280096810665,-25.812089154912098,8.355740284027599,5.549963131193673,4.971896476172123,8.49745302169389,4.277031816444928,13.025210084033615,5.468182547708233,0.0290855199127909,17.64138223657795,13.16505094353846,15.196222546509675,23.7506701690679,23.71775513387444,00000027.wav,359.69004817323275,60.089509471532615,14.91568942851637,39.495152830615375,3.8066685346035305,2.2711852050419967,0.8823399308366611,2.640035253504466,49.572068435250685,58.939252987257845,60.052074812735945,51.60202510825835,47.0251491247854,49.80412264428034,25.62195161687459,0,slider,id_06,abnormal
77.19414893617021,9.97785961728721,-26.07543103212258,6.14735836099147,3.7704405795919103,3.483403932990538,5.870660653951865,3.645812381652144,9.773936170212766,4.3077326244756025,0.0277367192283284,15.667084349137989,11.37382290997425,13.206132831209764,20.89416803670331,20.53304944507387,00000028.wav,301.1786882722866,83.01392457724381,10.450211798971615,34.121468729922746,3.1217159960093115,1.8123031775249896,0.7070046827029696,1.846067057096624,59.80956311012756,47.89703463126531,62.23012735763318,56.078691066208016,44.63291850064307,53.511497046477565,22.56756421228664,1,slider,id_06,abnormal
76.66581567526168,9.446138683215215,-29.14699683436637,6.922943853370307,5.607717339427469,5.198691172935755,8.718837541400625,4.038205453681606,10.748021444983406,3.2806984391233405,0.0259113437296235,18.567946379281032,13.837003719299656,15.92687232207749,24.87649177227008,24.884246086477784,00000029.wav,392.0233880106334,33.88559167506697,15.596073518807264,41.51101115789896,3.5600102145045964,2.4454731190214978,0.7518554869092327,3.0992803431355243,49.5628256752176,61.95752772941824,60.37656587740666,54.53047873802968,47.41400019736131,50.05245412794434,26.60761298768556,0,slider,id_06,abnormal
75.93465284322966,9.672143636336612,-21.582996162973146,7.318321020473342,5.24324010908472,4.886375802569287,8.170451894665765,4.121759862548554,14.734527175620483,4.299890785035049,0.0319947377110143,16.643607769384932,12.30906846535097,14.461916650370537,21.438420092585417,22.24425453143031,00000030.wav,320.84558855991634,100.4416317804722,14.65912740770786,36.92720539605291,4.104965430546826,2.0384210202250546,2.329564347451351,2.3794749728898945,61.707769526741885,51.34680595260388,62.047409754113175,58.67747284653207,45.6795400311961,54.962566028736894,25.193367284675134,1,slider,id_06,abnormal
75.20771911015814,8.605462811942253,-21.54532629729788,8.125008272348913,5.684328388169422,5.195682034193793,8.794954025630181,4.2896681966484085,12.650763870276066,4.7177720127178056,0.033166627791295,18.01601268822556,13.4198602320006,15.471884202440869,22.391341518995308,24.115734847560137,00000031.wav,375.1792454546928,53.51383068698175,15.58704610258138,40.2595806960018,3.7699731903485256,2.329192694743434,0.7421539337664177,2.7490720896822065,50.24799362080262,58.40557512428437,61.803261155970446,59.09563261146308,46.31169403648828,52.30005836769339,24.64319674289817,1,slider,id_06,abnormal
75.15576323987538,8.707792030922787,-24.66473776542709,7.891794209265567,5.912280415787934,5.342626312427864,9.031867923844024,4.257721307777264,12.331256490134995,4.944074234836446,0.0299647646163574,17.487821270916786,12.957364049081288,15.297332300946614,22.634209152174183,23.46215141771672,00000032.wav,388.0253841492851,42.02521868045926,16.027878937283592,38.87209214724386,3.750194754609193,2.2534876496053804,0.4089478971959999,2.417831903945576,53.61234423221114,54.812680569436566,60.525508790719975,56.54723951741069,46.82954187416292,51.22419237990245,24.967927910612943,0,slider,id_06,abnormal
76.47368421052632,9.20962157539048,-24.21299128755897,7.553214478722653,5.595856173097039,5.120463045927862,8.603365754961352,4.220905296566834,11.31578947368421,4.018056368749692,0.029919863060992,17.558395349207327,12.522732199348482,14.87681272178448,23.12016702074065,22.808963572403616,00000033.wav,382.4394096127934,58.84903580343662,15.361389137783586,37.568196598045446,3.620952882337457,2.3330751000600247,1.1452795056958882,2.8700952227528207,50.456196120650986,62.031996476547015,62.58326537654924,58.3207837970656,45.8515530352047,53.315698384091775,24.772615794909044,0,slider,id_06,abnormal
76.47845865667648,8.131011122669332,-22.63516674223012,8.17101396632201,5.884701311963914,5.421410199242145,9.061272551234378,4.065164634778062,15.975381321915972,4.8459358700997175,0.0325032249501775,19.211414311263628,14.695008791953915,16.780598781469763,25.711323495894657,26.1892815586391,00000034.wav,374.2339935747264,65.12489617969163,16.264230597726435,44.08502637586175,3.877676659528908,2.558040434805944,0.4665204795408246,1.7831540508030774,47.78227306782571,61.38694736012389,58.67035392643607,53.59040771081458,48.59983113864759,49.21341813080118,27.69951215923192,1,slider,id_06,abnormal
74.92899561063776,9.350362887283682,-22.073703799561446,7.924281975695975,5.836495663758477,5.1754600670363775,8.741456504483487,4.33915278218036,12.341853860056805,4.794826351866401,0.0318227430575885,18.26347885513868,13.08297413170003,15.75940626497844,23.06306207006365,23.687665196966805,00000035.wav,391.5625284266113,45.90821979589136,15.526380201109133,39.248922395100095,3.6100206611570247,2.399725488407403,1.5620180857804682,2.898037553992123,46.42624963777456,59.95646103120704,62.19502632847122,59.0621653266533,46.31682061480174,53.05908322059129,24.589817635399942,1,slider,id_06,abnormal
75.46870874042779,9.36580055845102,-28.959137114413995,8.004930624665416,5.62053341158523,5.15573112405967,8.665044627514234,4.278108167613757,11.856350673356218,5.190115282351152,0.0260926712663129,17.94011940486076,13.308115100180254,15.64709365361064,24.159669459921425,24.117241273895257,00000036.wav,378.6471680597637,66.66080677361846,15.467193372179011,39.924345300540764,3.659270998415214,2.264258271030778,0.3862708071346322,2.279591070192144,55.40429279016632,62.80651845439336,61.316290042349536,53.112064718244426,46.69566843080762,52.595807577368205,25.96124013612843,1,slider,id_06,abnormal
76.93553611920959,8.712061890046591,-23.56493475723089,6.9821156267478255,4.884163983200478,4.591966457169891,7.714380350866137,3.835819717276023,15.063168124392616,3.890446648232508,0.0309818168935599,15.625311211044083,11.427493250227444,13.312983626359514,20.329700947883243,20.583386330030912,00000037.wav,310.53892593756035,89.9967166513594,13.775899371509672,34.282479750682334,3.9970836033700574,1.8294419460659983,0.6197813565064114,3.316798182102212,59.48326458507268,45.79252185184008,64.9326633644458,59.50951440388634,42.50091698114821,56.376838226925344,21.394283852928965,1,slider,id_06,abnormal
76.29629629629629,9.679698121748867,-27.162638135141965,6.512423116288987,3.7026367341618167,3.2951605576688143,5.598320890867408,3.663358719388484,8.405797101449275,5.4126468697015415,0.027142686962827,16.69132824047253,11.602156028364751,13.886195294962352,21.680550985034845,21.103486113466456,00000038.wav,311.1331931967619,68.6718393385847,9.885481673006442,34.80646808509426,2.8830541237113403,1.8710017188876755,0.273075462678233,1.89015780332588,53.06033391341453,56.77335709239633,61.066553548262846,52.66865757782597,45.13451122492787,51.60171513274064,23.397676507416417,1,slider,id_06,abnormal
74.20604182804028,9.224451045459222,-24.392799296076635,7.816391976249504,5.845081270281045,5.200492748311637,8.809177961914843,4.337390469744836,11.773818745158792,4.946233003020359,0.0297466327507591,17.58371060985708,13.40820124936608,15.63959477600533,23.35312470784268,23.966712454628546,00000039.wav,390.7305894239256,36.32270625099672,15.601478244934912,40.22460374809824,3.637396694214876,2.3196331742431746,1.024215221643799,2.727555992596695,54.60898025526871,56.84120633066526,61.41569216124808,56.944039271498696,46.56840354318621,52.383222173409706,25.01582064959606,0,slider,id_06,abnormal
76.71581087951195,9.15164053433932,-25.864543382597127,7.662221633364588,5.847688425731176,5.455166502604566,9.058085234005642,4.280738989072062,13.421453990849008,4.213354369067504,0.0285582233167425,18.469322892291967,13.40814413918887,15.78033502977886,24.611172608161795,24.207749489786696,00000040.wav,393.7591338736742,40.04134250913748,16.3654995078137,40.22443241756661,3.6826849733028224,2.5187830435330194,1.503389227958009,2.728548075222001,47.72576139418612,55.65291219509974,61.25142837608647,55.49472147559463,47.521374153336936,51.75234100528296,26.103736769011302,0,slider,id_06,abnormal
77.15912685858906,9.500491382949663,-27.208765609664525,6.228276881027471,4.157509274572475,3.941055649597791,6.600263402078705,3.6697358836537,9.300854160075923,3.132076029758248,0.0272410852717939,16.186954765419724,11.91615950980592,14.042763547249365,22.96274576760824,21.48928137958323,00000041.wav,318.2063564543432,97.73651410868702,11.823166948793371,35.74847852941775,3.339240506329114,1.979686598617408,1.0469701989065745,2.133338714624328,54.61591652171711,48.33838714230059,60.32367178895164,52.88973892439417,46.3154175183382,51.45960104188745,24.92006505545728,1,slider,id_06,abnormal
74.67693836978131,9.90753554332658,-23.585958075010296,8.489931934927402,6.321052783496732,5.632613453852165,9.377643021964506,4.1896013578254925,16.898608349900595,4.950694470473563,0.0298565450172246,18.085293312487607,13.777522123091298,15.82845843606184,24.12109832526041,24.7440933969314,00000042.wav,401.8202884268391,43.7713259844407,16.897840361556494,41.33256636927389,3.727566492667164,2.8503504403436355,2.011921946572352,2.551851672123836,61.27475942658867,62.6234278300749,63.04046061629695,60.66192423141056,46.8270812104116,53.170971882215824,26.58738845982256,1,slider,id_06,abnormal
78.38509316770185,10.232506122214824,-26.295673995590736,5.118092659025724,3.74658882474538,3.5847304169883936,5.993333298838501,3.6307745825690376,7.981366459627329,3.092738251169392,0.02737612431758,15.59835596074799,11.638051058381173,13.463939885776918,21.63262912309295,20.841767555463992,00000043.wav,321.01748901055504,61.073609672907,10.754191250965182,34.91415317514351,2.9770114942528734,1.827701321373241,0.5909779042886689,2.009274195715029,54.7850930336644,56.13347323740538,59.464993685988375,54.47290052970113,45.74262749218434,50.41383292336212,23.581950219522582,1,slider,id_06,abnormal
76.95980899323519,9.436690597036328,-23.18477868406009,6.7931828206795455,3.3528054959663898,3.045084094136445,5.157104021062668,3.6181028274215934,11.261440509351372,4.952817116994124,0.0306546584822125,15.555042704916085,11.005029384896396,13.06173361009054,20.440174416053008,19.97889276366656,00000044.wav,251.9553823729165,84.52200110600364,9.135252282409336,33.01508815468919,3.281050955414013,1.7611955527090817,1.0026030297704056,1.883874353794535,57.757056249438,55.99852221373425,63.55736817085093,59.2147572378743,43.81012919294242,54.41240699239355,21.9694242270266,1,slider,id_06,abnormal
74.29766885833831,8.596932776623998,-28.34897363660372,8.460569248457332,5.860249385675714,5.272913638993957,8.897453566262026,4.160652638194269,18.32038254632397,5.121999430294193,0.0270665980911479,19.03447219618249,14.270715691270697,16.47121565111013,24.44867010281296,25.690166981195794,00000045.wav,338.3324421023359,71.00375413173953,15.818740916981872,42.81214707381209,4.252615844544096,2.4653706420122834,2.014921947911751,4.105554322695673,55.88126918497247,63.811645226323016,58.87759621906743,53.0376877086162,49.066053148475824,49.79916520161335,27.554473212684275,0,slider,id_06,abnormal
74.01203873331589,9.128037045658235,-21.580045212109248,7.741266222097474,5.640359185620329,5.0042139785934925,8.524578065816819,4.389843662668538,10.180580999738288,5.100388967910027,0.0325647167285105,17.296164083711638,12.945534742454209,15.166260391684316,21.77039036974102,23.39652050462422,00000046.wav,385.69143753200206,38.66939864457826,15.012641935780476,38.83660422736262,3.567539267015707,2.345480292114893,0.8397565402084193,2.7429278019977934,62.55028871953806,53.42764422378393,62.03806974211557,59.26722722618516,46.14805274124786,52.67442256477867,24.821888017297173,1,slider,id_06,abnormal
74.16798732171156,8.630083788994847,-24.29942976009593,7.868199078979281,5.768989215336431,5.2108450445491865,8.842691519164799,4.349429964562968,11.885895404120443,5.399761495701086,0.0303678947005766,17.716430398727802,13.58095617366618,15.50647371964591,22.451108247143832,24.135745383343977,00000047.wav,383.029968368218,45.85518800213372,15.63253513364756,40.74286852099854,3.73553500660502,2.333296643306501,0.5480351084007574,2.1621629381019587,55.50577242656175,59.350506776896346,60.470653517597455,56.323906326586894,47.1892464139904,51.014279315479726,25.417271548654305,1,slider,id_06,abnormal
74.76898352752109,9.970463454833242,-23.463076692234587,6.415770385188137,3.402995766833979,2.980025836649999,5.100215863925,3.5989757159977653,11.329851345922055,3.532023652548919,0.0299100841729948,15.504507032908924,10.823493642190218,12.73591349261631,21.68464979357595,19.81932151156277,00000048.wav,250.1041540871026,76.04443998668259,8.940077509949997,32.47048092657066,3.2761254019292605,1.7328214918910578,0.8251461769100852,2.0301720791960487,55.09631069910756,57.08166577471509,62.89188203622907,58.64104375026316,43.74683552399315,53.88485076037604,22.445057308179017,0,slider,id_06,abnormal
75.24964336661911,8.657517043843884,-22.436736644749608,6.781663002353866,4.65848028042285,4.201744783585718,7.19791856074154,3.9167846821584,15.905848787446503,3.640768781203532,0.0321602830547059,15.773299866586251,11.60009037310114,13.720016367450308,21.2286286871669,21.00423299820052,00000049.wav,282.4592607463411,69.53650243825676,12.605234350757154,34.800271119303424,4.104174099179451,1.916270623878636,1.3360675261665669,2.6740497715443,55.53683154988624,59.06541729466615,62.66532078285656,57.19281852719584,44.79364274521446,54.26279341205818,22.56006296899832,1,slider,id_06,abnormal
75.44235924932975,10.011201075171796,-25.82843420469046,6.603882017856769,4.688039011733622,4.285919148751814,7.30529066825865,3.8568562201457377,6.434316353887399,3.846293505192404,0.0279020696553205,15.402836958951816,11.651349160011266,13.45676211914268,20.099867761245097,20.83796016269133,00000050.wav,374.94650476486817,43.53361331194103,12.857757446255444,34.9540474800338,3.132207026012336,1.8722737920099173,0.6793623526670456,3.1368859672865783,55.03876131027579,56.310992113722136,64.10740909492932,58.31218820512908,42.76957581572911,53.410471714437,22.324381851646685,0,slider,id_06,abnormal
75.45155993431855,9.017939260074115,-24.306309404653312,7.700852734594389,5.542447045908456,5.024301932245851,8.522629552075834,4.294065752462846,11.822660098522167,5.006109673044533,0.0300081784306952,17.13967202625645,12.547918266965976,14.844183232000052,22.13289586702768,22.79298093784606,00000051.wav,367.20309743485967,32.50899536713219,15.072905796737553,37.64375480089793,3.73008486175746,2.205885828140028,0.8743445360538079,2.5672523542683305,55.48540212635521,61.86612191900023,62.52667942890784,57.51900520505892,45.360910961534366,52.93877854556005,23.046990554581097,1,slider,id_06,abnormal
77.6635834189791,9.560668466261651,-24.28130514058834,5.354709755500169,3.4353549275998976,3.266394826091118,5.502450922672329,3.638650951273977,7.262761219595752,3.1912287455939774,0.0295491040687292,15.871091944703211,11.840935884259554,13.82032762199814,20.77313294822262,21.37833227659613,00000052.wav,292.4987061083629,62.12303631341319,9.799184478273355,35.52280765277867,3.0147361206305687,1.8647089366107976,0.8252065038130634,1.4564246810683128,57.03668845444778,51.06209857117224,59.16907886960176,54.89648866962019,46.26681428574454,49.984974835767765,23.78825339767479,1,slider,id_06,abnormal
75.55858310626704,9.808385926753264,-23.450431913031288,8.422344815487225,5.776081698584753,5.246262542751548,8.801562969355295,4.267140453879198,14.25068119891008,5.105105184925871,0.0300672141991706,17.69407628951725,12.741821093755334,15.076711027645112,22.978464547972926,23.081961561046803,00000053.wav,369.2313715069165,51.40998594426178,15.738787628254642,38.225463281266,3.835922594712456,2.3141421274850464,1.5791752703039286,3.0106845755034644,58.23619989868635,60.11947563491966,62.48568563127411,57.22131200339296,46.00537041294962,53.45254729153779,23.98670081993676,1,slider,id_06,abnormal
78.02306425041186,9.864487051881564,-26.189615679090146,5.510123955946709,3.2721024016253097,3.0776073152200007,5.186393714906659,3.515977589824108,6.457990115321252,3.4399268388815782,0.0277360944872708,15.869752619050606,11.631967499291475,13.386450182156857,22.836344885163783,20.811500872057216,00000054.wav,302.1908362603028,58.13127412411049,9.232821945660003,34.89590249787443,2.732366512854317,1.8529785479719447,0.7284221587106482,1.5998252057736198,52.03748335216051,58.15504017319523,60.018848966759904,52.28633853663128,45.83387210726983,50.7977344791836,24.092731523488176,1,slider,id_06,abnormal
74.4,9.89309368774465,-25.04325437594,8.233329416772373,5.717061196771679,5.063620036969232,8.603126989916115,4.369549320993071,12.48,5.727073712499662,0.028623484005172,18.05529563724784,13.231825592377824,15.746728599933702,24.240203253459192,23.921197586453307,00000055.wav,376.85126758154985,42.23715632184764,15.190860110907694,39.69547677713347,3.6692451320352095,2.404239018512965,1.4704586712118803,2.6719921371820528,48.23542099139189,62.21180342837916,61.68475806101135,56.49848606101528,46.57574779751622,52.82803798247584,24.295367646892263,1,slider,id_06,abnormal
74.72600464961808,8.30637369759573,-27.69034576461273,8.895865473494661,5.991129993473219,5.378599201956524,9.027016217015992,4.064072948756212,22.11889737628695,4.467855085937424,0.0277803092876244,18.53954516368021,13.328603611614904,15.726843092331858,25.56984258521084,24.12663546385349,00000056.wav,303.3163190692304,100.52520616145225,16.13579760586957,39.98581083484471,4.795681063122924,2.321502344947309,1.281043748919893,2.901662138793799,53.47281592841762,63.40401220012578,60.10308383050141,49.11397846827818,47.40462104272312,51.73255579569184,26.34275012069753,1,slider,id_06,abnormal
75.84954604409857,9.299899723641474,-22.499831246505543,7.796293549723492,5.678013094492632,5.171966867790796,8.744819352031008,4.400155046398918,10.99870298313878,4.7039051837979455,0.0314468069223221,17.945017101774887,13.52307287396202,15.784070077842255,23.049917454628574,24.297345955167174,00000057.wav,388.2460837443588,36.81763969912998,15.515900603372389,40.56921862188606,3.627659574468085,2.337748400007887,1.1294655265824003,2.3948839371188604,54.308438102115446,60.24293225081752,62.06628326237086,58.81765798634655,46.382263352793046,52.49198131909987,25.04307974388185,1,slider,id_06,abnormal
76.82547902641119,10.541939093020106,-25.220719968185165,8.020290778120707,5.988307740651889,5.457474009925087,9.0296425753512,4.225500135765626,15.535991714137754,4.565254652801757,0.0279621265937907,18.64270952270847,13.318664799594195,15.562925567173664,24.811117063926872,24.23414663392579,00000058.wav,390.73658111784033,43.126729554571305,16.37242202977526,39.955994398782586,3.73944573944574,2.564979554364027,2.0177072914508414,2.5772223111478154,50.524652856079626,63.310424299981946,60.407256346931085,53.70621033236049,47.21623106120792,52.33248171695833,25.042705032953144,0,slider,id_06,abnormal
74.25474254742548,8.974527122647686,-25.320255600148844,7.527535272194506,5.0340584748381785,4.51844117702291,7.785940225063307,4.1715555940202655,10.870219813309244,5.4551897784140095,0.0291589542375282,16.009292178349767,11.706901105613076,13.839814694784364,21.40236114898078,21.15467647304072,00000059.wav,336.0559379829503,65.07695933422266,13.55532353106873,35.120703316839226,3.7475903614457833,1.844246963716009,-0.6811023913124538,2.493257838290878,56.36045532284277,51.88398100853093,62.5233003209433,54.92960743374653,44.04585815030141,53.70764222763216,21.953167775563344,1,slider,id_06,abnormal
77.63253449527959,9.040867633895234,-25.42737794568021,5.870551322357985,4.391098562137514,4.001895817863399,6.80647386422877,3.2088374387414493,3.655289276204309,3.180768764416945,0.0290122106067551,15.814584980183684,11.541013663505725,13.702869801966374,21.41757893147682,21.048675546976035,00000060.wav,410.3575277807388,53.741182024813256,12.005687453590197,34.623040990517175,2.635593220338983,2.006818189792359,1.3048717030091692,2.3547689155235325,56.61089032456704,57.11495550699512,62.52084179086578,57.60021904967253,44.4191441746584,53.841469682525,22.012275112985463,1,slider,id_06,abnormal
75.35064935064935,9.091238868148746,-26.2725736388283,7.491262511969269,5.621758348736194,5.114251428125516,8.62258429599994,4.270276489198457,11.662337662337665,4.95680437193319,0.0282774941135859,18.8957436765806,13.977054300233648,16.636697737910357,24.603549751242408,25.18508054402607,00000061.wav,386.9252892820732,37.85608340153141,15.342754284376548,41.93116290070095,3.581709534944141,2.3876390810485097,0.3479218994216242,2.347691596520549,52.27598500819198,57.15816399186947,58.81316138358901,52.86557594620537,47.90055983512067,49.48981376637335,26.00268619370744,1,slider,id_06,abnormal
75.7983193277311,10.129373309875854,-20.1692736481201,7.464131455129822,4.089808236538703,3.7053580677147577,6.177658981800482,3.684190341423592,17.058823529411764,4.312550234956703,0.0330047741533255,15.727355276749623,11.19138966528504,13.23245914453652,21.329638491624326,20.37162358680946,00000062.wav,239.4938961155577,91.8545509637782,11.116074203144272,33.57416899585512,4.150063051702396,1.7985048003204938,1.3383184192795523,2.314816056739949,55.56282566705832,55.91458751196991,63.23310720286423,60.07571201680783,43.63659244908478,55.02203618498703,21.340270844071643,1,slider,id_06,abnormal
78.24628653569718,7.258254702378919,-25.70223588571199,5.624610606356544,4.428405142201151,4.2254249498563015,7.06292069533098,3.366154225251913,4.887398179204601,2.529092047215616,0.0303393542437537,16.494568581416562,12.406987374936811,14.458329796444335,23.29933748325826,22.32442224193412,00000063.wav,417.2249168940386,44.65561337157057,12.676274849568903,37.22096212481044,2.706685837526959,2.042842151034102,1.1753933086813726,2.732999222063227,49.714405293335744,54.34056659051448,60.2089950810598,53.08555139450421,46.00671275933495,50.82238053609469,23.97054005142281,1,slider,id_06,abnormal
74.96033844526706,9.27421222135161,-26.076889100964923,7.740891543385669,5.557278776388744,4.970803831987538,8.466143299134604,4.290829324584091,10.285563194077207,5.220083390374624,0.0282876618434718,17.809517290143845,12.752884014784131,15.048203747240688,23.016385448007227,23.21063683558884,00000064.wav,379.8231647824513,44.0246564017604,14.912411495962612,38.2586520443524,3.5802697699021424,2.265732496511016,1.4867061352761586,2.536833124452964,48.91309192122208,57.09389264127155,61.92257370798773,56.09019586146373,46.13235540698028,52.79061177177557,24.70878294483868,1,slider,id_06,abnormal
77.80005729017473,8.978010476006682,-24.53773935853232,5.575023899355744,4.3399672159665625,4.256147766676516,7.1338691028271,3.6758425911673696,7.361787453451734,3.2799839027714857,0.0298367187049913,16.013057921817932,11.972116168156614,14.174780607151972,22.45918241277356,21.50796462837206,00000065.wav,349.84222322699344,46.43522077730096,12.768443300029546,35.91634850446984,3.268194842406877,1.9620393038702693,1.486895629435915,2.3397900182559064,58.15407329023773,56.95632662549487,60.62385111158936,53.764207481850775,45.93127283025562,51.57831213692117,24.057595633515746,1,slider,id_06,abnormal
74.27156177156176,7.827514078151695,-22.923598365125283,8.435949449071819,5.7327037312270965,5.131997385316866,8.737071213713303,4.254804454760634,16.083916083916083,5.870803041269635,0.0325191487574501,17.557026114142396,12.69422559677364,14.879317447879853,23.53629873406991,22.91885043691931,00000066.wav,346.02454425133936,50.020734500564025,15.395992155950598,38.082676790320924,4.071699213057418,2.200583873955659,1.3048188876114517,2.9469316646301835,49.64083440929585,56.99429803704915,61.61212504609746,56.03933442932772,45.845806558425785,52.5657785521153,23.59995801108741,1,slider,id_06,abnormal
79.3071450665017,11.155994323247322,-27.373877948439446,5.591786805196024,3.6021278756055297,3.5208459764549977,5.850135742426278,3.670023210758851,7.949273120940303,2.8181940333963262,0.0259538882700848,15.306796454937343,11.14344812647122,12.936289871979234,21.82825591957724,20.02319925967854,00000067.wav,322.4555720604652,67.35232820313557,10.562537929364993,33.43034437941366,2.893564356435644,1.8021337625847536,0.8825246534335572,2.3150667979840223,50.97326768345414,52.83436791407663,61.532797625551694,55.164018747582325,44.99995757995375,52.68365488528524,22.919596245980145,1,slider,id_06,abnormal
74.47112635791882,10.084610600028604,-24.458368035752528,6.85252884124962,4.555007303019363,4.12659947913038,7.154731074796169,4.204135168324467,6.775300171526586,4.990870484545385,0.0289494432586122,14.7199344959689,11.039564858525605,12.923376651610546,18.67403353693541,19.87015701341707,00000068.wav,351.8130148079037,48.78846912808107,12.37979843739114,33.11869457557681,3.2702316271089504,1.754319768878781,-1.001375685938595,2.1637524470720506,74.09800393523207,55.52858766122848,65.10641046207897,61.70181430077999,40.88232642700285,55.03781419102072,18.445935643061297,0,slider,id_06,abnormal
75.32023911187021,10.578913092764203,-26.07200992968755,7.330148589747111,4.991235727911475,4.501280510442073,7.698732870306194,4.19216320108866,9.109023626530032,4.034325078047464,0.0272844424514879,15.79699723789603,11.804087803615552,13.91095850051835,21.270686600225908,21.214974555053725,00000069.wav,352.279490397288,54.68404133127145,13.50384153132622,35.412263410846656,3.503986332574032,1.9648311891289527,0.1993920448546151,2.544232368828508,48.76702671243373,57.08604053142197,65.20860871234257,60.459500587203,41.71728122742781,55.52591248525117,19.93506037883609,0,slider,id_06,abnormal
74.4258872651357,8.868741147651987,-24.7906288928617,7.951639610897344,5.899875320232974,5.267519467979954,8.923866755868387,4.287603828290339,13.361169102296447,4.720461961367557,0.0297094092609684,19.486597952303025,14.460448773429738,16.86621454559724,24.94123062360877,26.04046771789397,00000070.wav,387.3144428217081,41.09643402431455,15.802558403939862,43.38134632028921,3.724876011485252,2.501537998607488,0.4578915086260945,1.9523262346101653,48.70517511111285,60.50001178760984,58.469252268997295,55.291316464186494,48.73434639631778,48.8151342933152,26.72133593131674,1,slider,id_06,abnormal
75.72417328890029,9.560887010620204,-23.6262584919248,7.973606533780721,5.796641714773341,5.328244586860271,8.949781127273905,4.298897959396244,11.89438605485773,5.101511919284436,0.0301321486032389,18.2979523918889,12.662335605518034,15.342442954535066,23.24751452972107,23.145112746607182,00000071.wav,392.1214808298892,42.31338445790167,15.984733760580813,37.9870068165541,3.668974358974359,2.3384565597767515,1.5177478849524528,2.7564216224733022,47.61275387833689,56.76762085311743,62.29147008485986,58.75392500323953,45.997620115181874,53.41280144280235,24.27932427535024,0,slider,id_06,abnormal
73.38523644752019,8.07792729797577,-21.532882699164578,8.401450683726223,5.780616084949456,5.156171107922031,8.791126076293898,4.295409461113014,16.695501730103807,4.766805704629953,0.0337714503621,19.02641402181895,13.805113857632827,16.226879735577057,24.90828343500677,24.74155066541196,00000072.wav,351.3735039182141,56.3289781763916,15.468513323766093,41.41534157289848,4.054513989039515,2.423434798606098,1.0586489515267146,2.098925960010642,48.195843876938056,59.74946885640893,59.10050673859242,54.98889014954566,48.97305309178908,49.56448953628343,26.77429533452574,1,slider,id_06,abnormal
73.84327360256752,9.548768368873514,-26.017291060402258,8.065679322260566,5.8837638459146255,5.24578339304298,8.8370721626367,4.228291715913173,14.683070339663011,5.554571592856396,0.0281166937256158,18.18412773719919,13.36876128819306,15.751295255094458,23.27701126371973,24.12824056626939,00000073.wav,374.1540315507367,34.93032375490801,15.73735017912894,40.10628386457918,3.780631353665061,2.548982949220447,2.0093442377836137,3.1460038175646683,44.86417589821394,60.45546790257677,61.72857470898617,54.12293843077421,46.57770581584319,53.17365520882133,24.61160703220633,0,slider,id_06,abnormal
74.19439350275086,9.459300014895328,-26.55833738609302,7.742286105282475,5.550781315959576,4.895131511608637,8.409028079854595,4.254796501861996,10.793817133874771,4.547015698416293,0.0277641753362911,18.24517755235064,13.292918622946209,15.434245679707312,23.52855801795524,24.08163963967453,00000074.wav,384.0528224465086,40.00570684155986,14.685394534825912,39.878755868838624,3.52227463312369,2.3208258083629123,0.8437012902741022,2.369325126972788,52.66106116144482,60.77386803291503,60.08453849350776,54.944086910072144,47.44273636733463,50.244774412833394,25.879094780523893,1,slider,id_06,abnormal
75.49640895648501,10.059178165129076,-24.466742165797,5.536987294340538,3.1927366482907984,2.8820250584878924,4.8667213951046655,3.3856464410077267,12.082805238698777,2.852818916317931,0.0289637463799702,15.769102430208097,10.84156112460488,13.184359878024429,22.46684143127672,20.0505259288934,00000075.wav,235.75839561510247,100.66388285251035,8.646075175463677,32.52468337381464,3.286136939983094,1.788795366847171,1.015180158402916,1.91713656350964,54.34517982642541,52.4247007543548,62.211755351390686,57.50722670419303,44.60336645503539,53.37648825419275,23.21022542772629,0,slider,id_06,abnormal
78.64101315148562,8.676317824018962,-22.908277955569368,5.32646608031547,4.08127071591837,3.8411881706155664,6.413204894107342,3.519009641531014,3.507062834875792,2.591743530782725,0.0316610035784043,15.754476147044604,11.869650431799409,13.717252166794283,21.360055457401348,21.35945229970869,00000076.wav,411.5705195147709,34.77490751569207,11.5235645118467,35.60895129539822,2.4984165651644337,1.9108970420759075,1.467610240123554,2.777795104604118,54.38139223136699,55.64080062476667,61.8650976235508,59.56138752887802,44.60744261431835,52.76303434520397,22.640221604580173,1,slider,id_06,abnormal
73.56995175740867,9.150845079900057,-22.889513595718924,8.701480480459365,5.603191315659497,5.149870876245519,8.687880552566703,4.091222692421447,21.433494141971053,4.36667050148812,0.0312106368759519,17.580329345712105,12.723174574387688,14.853930239973533,24.87208858701453,23.027486102649288,00000077.wav,293.07460482189265,98.03409799609184,15.449612628736556,38.16952372316307,4.788004136504654,2.1682978598423577,1.850210773288792,2.535238237487288,53.24708382069565,56.79668517319104,60.55301522813711,52.51827456478628,46.25676069393743,53.27730248205126,24.904940907307765,0,slider,id_06,abnormal
75.48739277358982,9.502728798724217,-23.31073192798013,8.508478173966779,5.917633950745742,5.334255876987342,8.952390569691675,4.322489668208598,14.738757473355864,5.285864832460467,0.030475298181096,18.0756032555478,13.133021615067896,15.446309907122869,23.94734372387414,23.673632928417064,00000078.wav,386.7957624336246,47.78114160997495,16.002767630962026,39.39906484520368,3.722048881955278,2.432973738165949,1.4705449996490665,2.5807177934711607,47.89409375729991,59.89753784773667,61.62978124696703,57.91577811298987,46.711175588227626,52.01299726125498,24.844087710234817,1,slider,id_06,abnormal
77.82583621683968,9.840670229203791,-26.02036480252662,5.861768595853603,3.748452360657072,3.5072834646571507,5.851224081962903,3.854663432931742,7.122260668973472,4.399662034111951,0.0278854193448455,16.460866990184623,12.208838214810674,14.439785992111544,22.44961219672089,22.05733811216162,00000079.wav,345.2913932871813,48.57297371698169,10.521850393971452,36.62651464443202,2.697721372944909,1.9478215452311287,0.1618282014544278,1.545391828113228,49.2009246423242,57.45437132364248,59.311618992013294,52.11825375915604,45.84098879593701,50.34403291285823,23.197863032005014,1,slider,id_06,abnormal
75.34132070214544,9.150713311415211,-23.76780157768172,8.756904660640526,6.087945624048733,5.451046144369228,9.08275331717381,4.32424823025328,17.720813597102257,5.226766500714935,0.0303780411531023,17.67648461459049,13.154443389828335,15.281294021293926,23.494956739919868,23.84403621864877,00000080.wav,362.5025831109678,69.37968073015212,16.35313843310768,39.46333016948501,4.047380156075808,2.524468300138774,1.6385219408713023,3.110661494385851,45.11753708533476,60.16342640394967,62.0740520617469,55.65409843461168,46.17237680770142,53.55436594947774,24.691052283876168,0,slider,id_06,abnormal
73.42053993876983,8.035162287107951,-23.89964205822326,8.300860405570381,5.942519111508699,5.290754182945263,8.99478056514851,4.27946578008269,16.949624269412748,4.3719171659575,0.0313137976104806,18.7207646261605,14.598748480620207,16.878559218544222,24.215760139474725,25.9805408615464,00000081.wav,362.36594241632713,53.52478327017454,15.872262548835788,43.79624544186062,4.003340757238307,2.4205302601703416,0.688696284230904,1.9995880370137968,50.10721886550249,60.65266207887049,59.40713500611506,55.02777876141134,48.83749731382331,49.281624574627685,26.866465697932146,1,slider,id_06,abnormal
77.55765819041986,8.918399437452942,-21.78021902023628,6.294243682298633,4.605478311741938,4.580271015845385,7.620199075681411,3.753341242920454,11.945594322885867,4.431804349316278,0.0325747558111862,16.263768976316406,12.010508929248408,13.812815794990629,21.3323745404504,21.505050356619385,00000082.wav,338.49244102814185,40.16171453028981,13.740813047536156,36.03152678774522,3.6033717834960073,1.9960814274925205,1.20244186219226,2.2036755556444647,59.21712211230579,57.29990725508161,62.71474300310055,59.80537766484399,44.73800104589128,53.928129124719625,22.9019059351037,0,slider,id_06,abnormal
75.27352297592998,9.428866284985183,-26.306279662520456,6.354309428758108,3.272999286363762,2.9596032538450685,4.986354477831147,3.464576891811941,13.916849015317286,3.902286933214478,0.0279836551239774,16.01775838733654,11.300347719279294,12.935863406940047,23.308640507010104,20.38770150203561,00000083.wav,229.5099229685598,90.78053050923133,8.878809761535205,33.90104315783788,3.488178633975481,1.7937040349983724,0.5811579122828547,1.7847433962743149,53.300166448121786,57.01655918360737,60.84235146944028,55.39874735632719,45.555393769162144,51.57787739197613,24.17996556351136,0,slider,id_06,abnormal
74.45539419087137,9.768126606623785,-24.532587889853165,8.013717668648965,5.669632479050486,4.934192832278648,8.388078161786034,4.323199221704306,11.099585062240664,4.707792793589983,0.029153911651103,17.924067326119257,13.2825446541863,15.73797329069345,22.989897819220232,23.78910311135093,00000084.wav,387.4625211429,42.80728042444073,14.802578496835944,39.8476339625589,3.479377431906615,2.3796455046409264,1.7369812076940043,2.485060348107188,60.68292996409485,62.72798589160738,61.83639151902771,55.56038348834669,46.76168436195704,52.83611994886117,24.84313682930974,1,slider,id_06,abnormal
75.11676180591593,8.883182658675826,-26.131531438355186,7.843848784347743,5.778248125445968,5.147885311774438,8.705087134112773,4.402254875093187,11.754021795537104,4.495285210303276,0.0285594221111973,17.823192461051995,13.277777646123113,15.662668292424792,23.751023172582364,23.93996297688812,00000085.wav,387.0782833381845,41.298048549710224,15.443655935323314,39.83333293836934,3.612769270698157,2.3445643143592463,1.1977630089790492,2.680626723231132,50.19092052726938,60.40069273991569,61.06480678534918,53.92626754074426,46.91176689356099,50.81228933820441,25.16346305193816,0,slider,id_06,abnormal
74.38993064474698,9.31624684205924,-23.48350052077709,7.831797723238906,5.85968843138961,5.204141081178603,8.864762250965551,4.278051931991572,11.250963267403032,4.134400651565805,0.0304880397076791,18.56417199218242,13.56577570326292,16.109556254221772,23.45937208994427,24.578579844790227,00000086.wav,395.1047960041424,45.71393925642472,15.61242324353581,40.69732710978876,3.641315519013361,2.36921068620682,0.7130157386027572,2.467595991418746,50.13554487616364,61.23704230801573,60.04901463345141,56.50966693020389,47.57136757533853,50.77041694862471,25.59492890539452,1,slider,id_06,abnormal
74.17954976946027,9.222524164778012,-24.005961948075534,7.640304967540072,5.007652168066025,4.487084702569644,7.716233850693098,4.254967645736916,7.892595606183889,5.405174797952393,0.030094660244337,15.714314592767604,10.995666013973851,13.248698997037453,20.50045551317485,20.22700984028227,00000087.wav,370.17179590668167,49.410113351458186,13.461254107708932,32.98699804192156,3.34753119913185,1.823727971071788,0.3643901976855376,2.7334929210674943,61.66859558331424,57.03218973621162,64.2964596336731,57.58509095346008,42.59982824360212,55.504281171174334,20.400475871070952,1,slider,id_06,abnormal
74.73104172133299,9.38283275265808,-27.7632112534952,7.487057775104211,5.226242399283276,4.77051228614479,8.148354825996973,4.278750564269563,7.871949619522435,5.156703310223643,0.0269207671167984,16.863709837845995,12.321539048508251,14.220981213969438,22.0761430294564,21.980566742910643,00000088.wav,383.58301998347696,45.10990996337129,14.31153685843437,36.96461714552476,3.419422572178478,1.950961091538932,-0.7036606681353518,2.0653869228200943,53.57146470904098,49.095294602651975,60.53026491878917,54.89971014085059,45.244125792627855,51.76517641490106,23.94089848388281,1,slider,id_06,abnormal
